DE0,DE2,DE3,DE4,DE5,DE6,DE7,DE18,DE19,DE22,DE25,DE26,DE38,DE39,DE41,DE42,DE48,DE49,DE55,DE60,DE61,DE90,DE127,DE300,DE301,DE1004,DE2004,DE3004,DE4004,DE5004
,2344933269809144,000000,000000097697,000000097697,000000097697,0101010000,4121,524,901,59,04,u92699,12,70015020,GROFERS11797900,9799048778569,586," ",WEB,mastercard,80108127241c83290c3664d9f7d2f5e51f4afd6112," ",2,,,,,,
,6011784160071380,000000,000000023699,000000023699,000000023699,0101020000,3441,356,901,59,04,x15479,12,70011803,CLEARTRIP689430,9785977475594,356," ",WEB,rupay,b096d3e57618ae9b58c280e0f319e0956c3d8ca912," ",1,,,,,,
,4539433150521313,000000,000000013040,000000013040,000000013040,0101060000,5533,586,901,59,04,b54968,12,70007469,PAYUPAISA477790,9799621504356,586," ",WEB,visa,099fe1a1772fed4e9ea6a529036b2a3af1d55bc112," ",3,,,,,,
,6011779343779347,000000,000000022243,000000022243,000000022243,0101060000,3055,144,901,59,04,r19900,12,70015020,GROFERS11797900,9798776675836,356," ",WEB,rupay,72694a5bf32cdcac35d08d18461f822a202c913912," ",2,,,,,,
,6011145133101896,000000,000000005678,000000005678,000000005678,0101100000,3127,144,901,52,04,g72174,12,70007469,PAYUPAISA477790,9781774728130,144," ",WEB,rupay,9a45a3b1f382fa711948a55c831deac56feff4d612," ",3,,,,,,
,2344933269809144,000000,000000024226,000000024226,000000024226,0101130000,3260,144,901,52,04,x61463,12,70007469,PAYUPAISA477790,9794275685390,356," ",WEB,mastercard,2836672acb6cbca7601d8210f1f972b525b9a94a12," ",3,,,,,,
,4024007131668708,000000,000000013194,000000013194,000000013194,0101170000,3072,524,901,52,04,k83299,12,70015020,GROFERS11797900,9790497792670,356," ",WEB,visa,3ef72982895556adcd8869fea41fa4aaf726dacf12," ",2,,,,,,
,4485175065737146,000000,000000013720,000000013720,000000013720,0101180000,3821,356,901,52,04,c76817,12,70015020,GROFERS11797900,9795719583463,524," ",WEB,visa,b1cca3b36b1f092ea5dd637dcb3730a7218be0cb12," ",2,,,,,,
,5429333376678279,000000,000000078473,000000078473,000000078473,0101190000,3351,524,901,52,04,u33447,12,70015020,GROFERS11797900,9782319110809,356," ",WEB,mastercard,d082ab5ef182144a42e91031a1dcca88e04f149012," ",2,,,,,,
,2643768856440939,000000,000000021588,000000021588,000000021588,0101190000,3094,356,901,59,04,l54727,12,70011803,CLEARTRIP689430,9789820571983,356," ",WEB,mastercard,85876bc3e887e0adf1348efa3cb39d90c51fdb5612," ",1,,,,,,
,4716678214231755,000000,000000012349,000000012349,000000012349,0101210000,3385,356,901,59,04,w24958,12,70015020,GROFERS11797900,9789604599721,586," ",WEB,visa,5e5899fecf48d7340eaeba2bde5dd712d60b670312," ",2,,,,,,
,4024007118253748,000000,000000013178,000000013178,000000013178,0101210000,4789,356,901,52,04,a75212,12,70007469,PAYUPAISA477790,9786160049325,524," ",WEB,visa,9ca19b078059dd37d449a27ac76c0bcd85e9c9f612," ",3,,,,,,
,6011829226382360,000000,000000014397,000000014397,000000014397,0102020000,3033,356,901,59,04,h61292,12,70011803,CLEARTRIP689430,9781962407182,356," ",WEB,rupay,2176d97adc44d5771e49d9c6a429782aa532f70612," ",1,,,,,,
,2415235660628550,000000,000000023367,000000023367,000000023367,0102030000,3351,586,901,52,04,d48498,12,70011803,CLEARTRIP689430,9787402828050,356," ",WEB,mastercard,804855108682c6e94663f29488227e0aa0522b9a12," ",1,,,,,,
,4539139424130035,000000,000000038792,000000038792,000000038792,0102050000,3217,356,901,59,04,f94147,12,70015020,GROFERS11797900,9785209531197,586," ",WEB,visa,325bf35942109d1b6c5da4e569a7c8de0053490412," ",2,,,,,,
,6011656648431776,000000,000000026233,000000026233,000000026233,0102060000,3267,144,901,59,04,x47694,12,70007469,PAYUPAISA477790,9782783104106,524," ",WEB,rupay,e93fb9796811067c23691f3d05d873dbf1eff88512," ",3,,,,,,
,2436393306071142,000000,000000020710,000000020710,000000020710,0102090000,3193,524,901,52,04,j00019,12,70015020,GROFERS11797900,9792432988520,356," ",WEB,mastercard,5ad25d0bc62bcb80fbb0ef05cc353d2bf3ff6c2d12," ",2,,,,,,
,2720152444270080,000000,000000022397,000000022397,000000022397,0102100000,3226,356,901,59,04,o95890,12,70007469,PAYUPAISA477790,9780859881678,356," ",WEB,mastercard,29ca633e712abf1eff8254bbed201a706186d01f12," ",3,,,,,,
,5331235391528800,000000,000000027745,000000027745,000000027745,0102140000,7523,356,901,52,04,u13227,12,70011803,CLEARTRIP689430,9799513194450,356," ",WEB,mastercard,ccbf49be4f3e5ee2c5825902f9fc11c2fdfd050012," ",1,,,,,,
,6011830320992807,000000,000000019679,000000019679,000000019679,0102180000,3374,356,901,52,04,x74639,12,70015020,GROFERS11797900,9786650311796,356," ",WEB,rupay,9ad3b66839cbd88f3e50ac8cd34b6a3feb27750e12," ",2,,,,,,
,2608252458008801,280000,000000097912,000000097912,000000097912,0101010000,3370,356,901,59,04,m79013,12,70011803,CLEARTRIP689430,9783292623997,144," ",WEB,mastercard,d02dd7c1fc889952d443cb1aee78ab2982f0cef212," ",1,,,,,,
,5349216399619304,280000,000000080126,000000080126,000000080126,0102010000,3175,586,901,52,04,g94330,12,70007469,PAYUPAISA477790,9790735463577,144," ",WEB,mastercard,426b504e7a56dbe02eb3c7bb82beec386e0f820112," ",3,,,,,,
,6011462190438693,280000,000000001985,000000001985,000000001985,0102010000,3412,586,901,52,04,l36045,12,70011803,CLEARTRIP689430,9792662123784,586," ",WEB,rupay,4f9feee2f558bbb779f19b7c337ce9ec3f42778112," ",1,,,,,,
,5129482911245962,280000,000000080006,000000080006,000000080006,0102010000,3285,524,901,59,04,f37571,12,70015020,GROFERS11797900,9794891115677,524," ",WEB,mastercard,0d0fdee2416bd5affae32277418467025ec50aa812," ",2,,,,,,
,4121097910977794,280000,000000000947,000000000947,000000000947,0102040000,3174,144,901,52,04,p52004,12,70007469,PAYUPAISA477790,9798071659906,356," ",WEB,visa,f1b7e637692a7a9b12345d02d2e0ebe32791a4b012," ",3,,,,,,
,4532856714982687,280000,000000012075,000000012075,000000012075,0102050000,3267,524,901,52,04,n72485,12,70007469,PAYUPAISA477790,9794734143577,356," ",WEB,visa,65085900ee36b8392753cf5c6e35d7f7291fe66c12," ",3,,,,,,
,6011006438921695,280000,000000008341,000000008341,000000008341,0102060000,3267,586,901,52,04,b45704,12,70015020,GROFERS11797900,9796021231059,356," ",WEB,rupay,6e49baf0c9d506788d441426d29bf1031e56b87112," ",2,,,,,,
,4539139424130035,280000,000000013340,000000013340,000000013340,0102070000,3197,586,901,52,04,x08476,12,70015020,GROFERS11797900,9784624961442,586," ",WEB,visa,506ef48efd939ea39b776a1fb5dcd1fc618a57a812," ",2,,000000038792,,,,
,4929146601983852,280000,000000013801,000000013801,000000013801,0103000000,3096,586,901,59,04,m78122,12,70015020,GROFERS11797900,9799388896930,586," ",WEB,visa,641ec18a1eda186af7288f74b07600b8f226997f12," ",2,,,,,,
,6011830320992807,280000,000000007319,000000007319,000000007319,0103000000,3243,356,901,52,04,f37697,12,70011803,CLEARTRIP689430,9796532322772,144," ",WEB,rupay,1f0e13723e06ced85f7a9ea4139e4a64c6d983b412," ",1,,000000019679,,,,
,4539119833995715,280000,000000013768,000000013768,000000013768,0103020000,3193,356,901,52,04,f14060,12,70015020,GROFERS11797900,9781194178737,356," ",WEB,visa,ed8843ec13077dc65dfd08266060495412f0462f12," ",2,,,,,,
,2396478346989565,280000,000000022691,000000022691,000000022691,0103020000,3090,524,901,59,04,g43320,12,70015020,GROFERS11797900,9789872413187,586," ",WEB,mastercard,6450a9fbe97af883c8f0e2d5dd124c71a6b4cf0912," ",2,,,,,,
,2557287988464091,280000,000000019579,000000019579,000000019579,0104030000,3755,586,901,59,04,w56523,12,70011803,CLEARTRIP689430,9788156780564,524," ",WEB,mastercard,92d0a8a0aba2b0946d0c6d91388096b5c88a434112," ",1,,,,,,
,4532246605326378,280000,000000012960,000000012960,000000012960,0104060000,3003,356,901,52,04,v34933,12,70011803,CLEARTRIP689430,9798375685786,144," ",WEB,visa,b0885a05d32e2c91d8384718dcfc8d8dd895c20312," ",1,,,,,,
,6011784160071380,280000,000000009629,000000009629,000000009629,0104080000,3156,144,901,52,04,h08155,12,70015020,GROFERS11797900,9783330155817,356," ",WEB,rupay,0c2f6c1b1daac10b58bf01066705c01c628d8b0612," ",2,,000000023699,,,,
,4716095939959174,280000,000000017077,000000017077,000000017077,0104090000,3351,524,901,59,04,m16530,12,70015020,GROFERS11797900,9798664058666,356," ",WEB,visa,13137061309ab09d6488e0e4a90cd06deefdc14b12," ",2,,,,,,
,4539800466191116,280000,000000012316,000000012316,000000012316,0104130000,3393,586,901,59,04,t98237,12,70011803,CLEARTRIP689430,9799623944990,356," ",WEB,visa,71597d5b1faaa5c90edb91090208681d59e830de12," ",1,,,,,,
,2221978181228491,280000,000000084356,000000084356,000000084356,0104170000,7542,586,901,59,04,p67594,12,70015020,GROFERS11797900,9793268698997,586," ",WEB,mastercard,078848749899104e6b229c24a40870511aa1ef4f12," ",2,,,,,,
,6011189283961501,280000,000000009822,000000009822,000000009822,0104200000,3266,144,901,59,04,l11561,12,70007469,PAYUPAISA477790,9792347096846,144," ",WEB,rupay,8c768d9bc4d4ce2dc77ba235dfbeee97e714261c12," ",3,,,,,,
,4716678214231755,280000,000000024044,000000024044,000000024044,0104220000,3226,524,901,52,04,e44149,12,70015020,GROFERS11797900,9788164442089,144," ",WEB,visa,7b48f0795d1d9578eafb39e7f78997733b0903f512," ",2,,000000012349,,,,
,5349216399619304,280000,000000071275,000000071275,000000071275,0101010000,3103,144,901,52,04,v80269,12,70007469,PAYUPAISA477790,9798276912455,356," ",WEB,mastercard,9ac0e83f88eeba2ae00939683c416e054d8566da12," ",3,,000000080126,,,,
,5540024406642211,280000,000000073556,000000073556,000000073556,0101030000,3125,356,901,52,04,f77475,12,70015020,GROFERS11797900,9799949009007,356," ",WEB,mastercard,52de7c83dbda075157adc758bf4cb6c80ca392f312," ",2,,,,,,
,4024007131668708,280000,000000013867,000000013867,000000013867,0101030000,5533,356,901,59,04,x58149,12,70015020,GROFERS11797900,9790226192955,356," ",WEB,visa,0ace832f86b903a0c4af94dbe9d8f425f1fb692812," ",2,,000000013194,,,,
,2344933269809144,280000,000000002408,000000002408,000000002408,0101060000,3003,586,901,59,04,x16038,12,70007469,PAYUPAISA477790,9790536423794,356," ",WEB,mastercard,e6796413eb748ef075f4f3916168fd308fca6d7e12," ",3,,000000024226,000000097697,,,
,4716944788006340,280000,000000012735,000000012735,000000012735,0101090000,3821,586,901,59,04,k19118,12,70007469,PAYUPAISA477790,9780735861459,524," ",WEB,visa,19e5126820b5b2c472455400d9324ab52151a17512," ",3,,,,,,
,2720386609281249,280000,000000018514,000000018514,000000018514,0101090000,3231,144,901,52,04,v93319,12,70007469,PAYUPAISA477790,9787179677301,356," ",WEB,mastercard,9342106dba963c0fa8183b336f12b55fcd7fa66512," ",3,,,,,,
,2568144138306812,280000,000000091718,000000091718,000000091718,0101120000,3125,586,901,59,04,a45476,12,70011803,CLEARTRIP689430,9795652396021,356," ",WEB,mastercard,25479bfa6cc6fb71bed831d661e543be4f9a4a5112," ",1,,,,,,
,5301323519105945,280000,000000082567,000000082567,000000082567,0101160000,3266,524,901,52,04,n98277,12,70007469,PAYUPAISA477790,9782182417975,356," ",WEB,mastercard,87a5769ea4cd10119f217fb54a36b7593314b0f512," ",3,,,,,,
,4539866589853064,280000,000000013927,000000013927,000000013927,0101190000,3817,356,901,52,04,i58224,12,70011803,CLEARTRIP689430,9790970807853,356," ",WEB,visa,a2127876470a728a10aaa6d060dbd98bbe8dcfda12," ",1,,,,,,
,5331235391528800,280000,000000064799,000000064799,000000064799,0101220000,4011,356,901,52,04,c43049,12,70007469,PAYUPAISA477790,9797674281286,356," ",WEB,mastercard,c480baf80efb5def9b91ba82ad6b10a14f548c6a12," ",3,,000000027745,,,,
,4916143899922143,280000,000000012823,000000012823,000000012823,0102010000,3287,524,901,52,04,k27515,12,70015020,GROFERS11797900,9785011364518,144," ",WEB,visa,cce72c2cae46b6816dc12809179d053306e8b3f812," ",2,,,,,,
,4929526968847289,280000,000000012784,000000012784,000000012784,0102020000,3075,144,901,59,04,t79474,12,70011803,CLEARTRIP689430,9797532056339,356," ",WEB,visa,9ca70392d5285f3741a289d38c1dd66d870545f812," ",1,,,,,,
,2720386609281249,280000,000000021828,000000021828,000000021828,0102060000,7531,356,901,59,04,k06637,12,70007469,PAYUPAISA477790,9790705622607,144," ",WEB,mastercard,ce1335b3e409c6b245aa43994689a06edd6f361212," ",3,,,,,,
,4532635939117398,280000,000000001837,000000001837,000000001837,0102070000,7511,356,901,59,04,l14153,12,70015020,GROFERS11797900,9782025749058,524," ",WEB,visa,e36517de0d3d580d2a5c8ea34a27c1060300468612," ",2,,,,,,
,5108411630631207,280000,000000011080,000000011080,000000011080,0102090000,7534,356,901,52,04,y36929,12,70007469,PAYUPAISA477790,9782108047279,356," ",WEB,mastercard,3e750b6ed8737cec109cc73e7fcb0692ffb4332e12," ",3,,,,,,
,4929700957056703,280000,000000013831,000000013831,000000013831,0102120000,7519,144,901,52,04,h15917,12,70011803,CLEARTRIP689430,9794748305015,586," ",WEB,visa,9a41a1374051410959d7daee6d3499b36cf830c412," ",1,,,,,,
,4024007131668708,280000,000000012408,000000012408,000000012408,0102130000,3226,356,901,52,04,b63753,12,70011803,CLEARTRIP689430,9798876709509,586," ",WEB,visa,94339e6bdae75ebe5e9428dd746d448aedd18a2512," ",1,,000000013194,,,,
,2513312283173461,280000,000000026888,000000026888,000000026888,0102140000,3172,356,901,52,04,x77910,12,70007469,PAYUPAISA477790,9785889252856,586," ",WEB,mastercard,237f5185d6b367e0c52d12ab57b89804d6b7f4e612," ",3,,,,,,
,4024007115633843,280000,000000014507,000000014507,000000014507,0102150000,3245,144,901,52,04,k61171,12,70015020,GROFERS11797900,9790753889199,586," ",WEB,visa,d2e47b32d020663ee238160f8e3637d3940e5a0212," ",2,,,,,,
,4485100850384532,280000,000000016117,000000016117,000000016117,0102180000,3132,586,901,59,04,d72776,12,70007469,PAYUPAISA477790,9794170664575,144," ",WEB,visa,3e0711995154da8397553bd677df36b0745c2fe812," ",3,,,,,,
,4024007133584192,000000,000000012619,000000012619,000000012619,0102210000,3425,524,901,59,04,z63056,12,70007469,PAYUPAISA477790,9787793788094,586," ",WEB,visa,1a1d81db425edef7cccc0cd480e287f9cfaaa60712," ",3,,,,,,
,6011368726243194,000000,000000018096,000000018096,000000018096,0103040000,3266,586,901,59,04,w48185,12,70007469,PAYUPAISA477790,9784436735835,524," ",WEB,rupay,1d26ae5cb78bd9f05a06b21316b2c9696291ec3a12," ",3,,,,,,
,2720102927475748,000000,000000021733,000000021733,000000021733,0103070000,4121,586,901,52,04,r83393,12,70011803,CLEARTRIP689430,9799006922706,144," ",WEB,mastercard,bc664432986bddff02e621edfb9a3c247f470ae812," ",1,,,,,,
,4485869129831602,000000,000000000105,000000000105,000000000105,0103100000,7542,586,901,52,04,i82150,12,70015020,GROFERS11797900,9790403547714,356," ",WEB,visa,fcbe8e508185ad757f84f737e4f454e54cbe1d8612," ",2,,,,,,
,4121097910977794,000000,000000006151,000000006151,000000006151,0103110000,7033,356,901,59,04,i15473,12,70015020,GROFERS11797900,9789648704600,144," ",WEB,visa,65988a05778845421c1db64062afa7ee6478984112," ",2,,000000000947,,,,
,4024007118253748,000000,000000012893,000000012893,000000012893,0103150000,3167,356,901,52,04,a95459,12,70011803,CLEARTRIP689430,9793757442315,356," ",WEB,visa,69b286e4a7a6606c1e9d602380ce69d306c2e2cf12," ",1,,000000013178,,,,
,4929146601983852,000000,000000016562,000000016562,000000016562,0103150000,3226,524,901,59,04,l77515,12,70015020,GROFERS11797900,9790550578272,356," ",WEB,visa,9e7a0b97be2d9b0986e826d0d0e1c702afa0930e12," ",2,,000000013801,,,,
,5108411630631207,000000,000000084861,000000084861,000000084861,0103160000,3267,144,901,52,04,m05252,12,70011803,CLEARTRIP689430,9799162530012,356," ",WEB,mastercard,addb21877e7275b0b1b09e2ac212b439fbd1095712," ",1,,000000011080,,,,
,2686363325817582,000000,000000019053,000000019053,000000019053,0103180000,7531,356,901,52,04,s22369,12,70011803,CLEARTRIP689430,9790146983060,144," ",WEB,mastercard,896daaf37f87ac6865b87bcc35a22f189f6324d412," ",1,,,,,,
,4929700957056703,000000,000000013425,000000013425,000000013425,0103220000,3204,144,901,59,04,e48649,12,70015020,GROFERS11797900,9789543072170,356," ",WEB,visa,352f7a9b2172ffae8f5e4c1ba1d854c1036ce30b12," ",2,,000000013831,,,,
,4024007131668708,000000,000000012319,000000012319,000000012319,0104000000,5533,524,901,59,04,w50998,12,70011803,CLEARTRIP689430,9798757877983,356," ",WEB,visa,0f95dc9b811b42970925bb4cf620084dcb1f6c9812," ",1,,000000012408,000000013867,000000013194,,
,6011804551044356,000000,000000000463,000000000463,000000000463,0104020000,4214,356,901,52,04,x63416,12,70015020,GROFERS11797900,9780103679983,586," ",WEB,rupay,880b6a514b35686a7273699d4c52ae94f6c0f3c112," ",2,,,,,,
,4024007133584192,000000,000000011198,000000011198,000000011198,0104050000,4411,356,901,59,04,c13598,12,70007469,PAYUPAISA477790,9795842108595,144," ",WEB,visa,4892640816eaa12151c00078a75ddebfde85c91412," ",3,,,,,,
,2720102927475748,000000,000000094123,000000094123,000000094123,0104070000,3125,356,901,52,04,k14053,12,70007469,PAYUPAISA477790,9795266113335,144," ",WEB,mastercard,00cea7f7d2e7820c78b2735ec5401062ca1ac2d112," ",3,,,,,,
,2720102927475748,000000,000000092859,000000092859,000000092859,0104090000,3245,586,901,59,04,k49018,12,70015020,GROFERS11797900,9790427208257,586," ",WEB,mastercard,c836e47bee680d3114d1befadf6535146cea8cd912," ",2,,,,,,
,6011442888768858,000000,000000021606,000000021606,000000021606,0104130000,4722,144,901,52,04,n38970,12,70007469,PAYUPAISA477790,9789351893929,586," ",WEB,rupay,61e6e49a13a4b957ee812af18a75c0775588807212," ",3,,,,,,
,4024007115633843,000000,000000012750,000000012750,000000012750,0104160000,3266,356,901,52,04,l84703,12,70007469,PAYUPAISA477790,9797623028139,586," ",WEB,visa,34537d1a52b4fbfb83298893f355bfbbc0b98f3812," ",3,,000000014507,,,,
,4567278727388778,000000,000000012000,000000012000,000000012000,0104170000,3033,524,901,52,04,h86899,12,70015020,GROFERS11797900,9785161602546,586," ",WEB,visa,127e70d6c534ccaf0c21c06219fb2a9977db3e6612," ",2,,,,,,
,4153478340676373,000000,000000012103,000000012103,000000012103,0104170000,3135,356,901,52,04,x79541,12,70015020,GROFERS11797900,9792785289824,144," ",WEB,visa,375f56115d45468f117b30574867941e09862bed12," ",2,,,,,,
,2396478346989565,000000,000000094530,000000094530,000000094530,0104190000,3821,356,901,59,04,i23649,12,70007469,PAYUPAISA477790,9787519769901,586," ",WEB,mastercard,c899e61d70847021e717f381b95025ec3ac31c7212," ",3,,000000022691,,,,
,6011006438921695,000000,000000024764,000000024764,000000024764,0105030000,5599,586,901,59,04,i43740,12,70007469,PAYUPAISA477790,9783776664959,356," ",WEB,rupay,5098083f7443ea9abc14320d5938324a357a638512," ",3,,000000008341,,,,
,6011006438921695,000000,000000025552,000000025552,000000025552,0105050000,3058,356,901,52,04,u49029,12,70007469,PAYUPAISA477790,9796246879272,356," ",WEB,rupay,9e3b71c8f8e42fb46b93de63eef86283e85758de12," ",3,,000000008341,,,,
,4929581908594889,000000,000000012748,000000012748,000000012748,0105090000,3243,356,901,52,04,w70418,12,70015020,GROFERS11797900,9781407050676,356," ",WEB,visa,cff1fa6d2362de5fac2fc2479da7c4ff2f21240812," ",2,,,,,,
,4532117962146990,000000,000000013300,000000013300,000000013300,0105130000,3200,524,901,59,04,j68101,12,70011803,CLEARTRIP689430,9780617635239,356," ",WEB,visa,02a543e93d9390aefc706f5045ddbeb3e554c08512," ",1,,,,,,
,5129482911245962,000000,000000021362,000000021362,000000021362,0105140000,5533,356,901,59,04,o06092,12,70007469,PAYUPAISA477790,9789764084549,356," ",WEB,mastercard,9a92701750924bac36d0a404e3c035b14d4dfd7612," ",3,,000000080006,,,,
,5108411630631207,000000,000000020679,000000020679,000000020679,0105150000,3757,144,901,52,04,d34978,12,70007469,PAYUPAISA477790,9791820077150,586," ",WEB,mastercard,528721ebc0b4a3f33bc72b7151ac857b59a3d07012," ",3,,000000011080,,,,
,6011935370451008,000000,000000021795,000000021795,000000021795,0105160000,3425,144,901,52,04,p37276,12,70007469,PAYUPAISA477790,9784255355597,356," ",WEB,rupay,4d77e62f680fcf67f0324674a39082727a4b3df212," ",3,,,,,,
,6011427686886473,000000,000000015489,000000015489,000000015489,0105170000,3299,356,901,52,04,w82719,12,70011803,CLEARTRIP689430,9792530166684,586," ",WEB,rupay,2245f05c7ce1b29f02d84524f2aa20f5e78867d512," ",1,,,,,,
,5352746410810627,000000,000000025232,000000025232,000000025232,0105170000,3359,356,901,59,04,m36379,12,70007469,PAYUPAISA477790,9792785472974,144," ",WEB,mastercard,937418cf526472d95f3940ecb1cd7885fcdc782712," ",3,,,,,,
,6011656648431776,000000,000000002984,000000002984,000000002984,0105180000,3439,144,901,59,04,b37811,12,70011803,CLEARTRIP689430,9786105238425,144," ",WEB,rupay,209941d5e523ad3b96457018ad2a9aacdd10261412," ",1,,000000026233,,,,
,4121097910977794,000000,000000012270,000000012270,000000012270,0105200000,8675,524,901,52,04,h07884,12,70007469,PAYUPAISA477790,9783815018637,524," ",WEB,visa,81284206b8f37e4607b163deaa5e4d8f8272dbd312," ",3,,000000000947,,,,
,5310181003564145,000000,000000098088,000000098088,000000098088,0105230000,3223,144,901,59,04,b40997,12,70007469,PAYUPAISA477790,9786134119566,356," ",WEB,mastercard,d3f9e4ffd4591db3ef6c0472743277ea16613fbb12," ",3,,,,,,
,6011804551044356,000000,000000012580,000000012580,000000012580,0106020000,3441,356,901,59,04,d21431,12,70011803,CLEARTRIP689430,9788800576901,586," ",WEB,rupay,63776967f643e67eeb1e6485f0b831a0b1c05b7212," ",1,,,,,,
,4532856714982687,000000,000000013551,000000013551,000000013551,0107000000,3282,586,901,52,04,p31686,12,70015020,GROFERS11797900,9791827961476,144," ",WEB,visa,6bfdbc4022680d5ff0920ea71a4b7156216d657d12," ",2,,000000012075,,,,
,2673016221861246,000000,000000086250,000000086250,000000086250,0107010000,3253,586,901,52,04,p55511,12,70011803,CLEARTRIP689430,9799823121887,144," ",WEB,mastercard,284d084e4c562de2aecfead9bf9157167d57354012," ",1,,,,,,
,5429333376678279,000000,000000009620,000000009620,000000009620,0107040000,3177,144,901,59,04,h00076,12,70007469,PAYUPAISA477790,9797874701348,356," ",WEB,mastercard,445984184e07135b042d19e457d33e4c4aa03a3912," ",3,,000000078473,,,,
,4916112577088287,000000,000000012145,000000012145,000000012145,0107050000,3159,144,901,59,04,a64652,12,70015020,GROFERS11797900,9793368463129,586," ",WEB,visa,740ee9bbed2600dfe9b4775b19af4dff2bfce7b212," ",2,,,,,,
,4542655357372042,000000,000000012393,000000012393,000000012393,0107090000,3100,144,901,52,04,s57249,12,70015020,GROFERS11797900,9793566472176,144," ",WEB,visa,f2a3cb7d7a15ceb4c3cbf357659c3ccc0f87460012," ",2,,,,,,
,2344933269809144,000000,000000059440,000000059440,000000059440,0107090000,3229,356,901,59,04,z10376,12,70007469,PAYUPAISA477790,9788996533931,356," ",WEB,mastercard,7e64f82e1ae03696aa2fbedf7a1ab5e18665efe712," ",3,,000000002408,000000024226,000000097697,,
,5301323519105945,000000,000000095498,000000095498,000000095498,0107100000,4784,144,901,52,04,s99917,12,70015020,GROFERS11797900,9783318782226,356," ",WEB,mastercard,f0e22a7ee5595f6c27b8ab87de6e0b2a71e7043a12," ",2,,000000082567,,,,
,5508656364933866,000000,000000021180,000000021180,000000021180,0107100000,5599,356,901,52,04,s62271,12,70011803,CLEARTRIP689430,9781480849952,144," ",WEB,mastercard,a7307cff229a62763883032eb6de47e4c3657a3412," ",1,,,,,,
,4539874789911310,000000,000000012064,000000012064,000000012064,0107100000,4468,356,901,52,04,d77468,12,70015020,GROFERS11797900,9786033446893,586," ",WEB,visa,01532e2df82fdcc73acfee300ae1c22b18512da812," ",2,,,,,,
,4929581908594889,000000,000000013595,000000013595,000000013595,0107110000,3405,524,901,52,04,e52543,12,70015020,GROFERS11797900,9783947496297,144," ",WEB,visa,0a9b9353bfcb8ccb14190e141b86152dd567fa5512," ",2,,,,,,
,2415235660628550,000000,000000060600,000000060600,000000060600,0107150000,5531,524,901,59,04,w45536,12,70015020,GROFERS11797900,9786471655253,356," ",WEB,mastercard,f738b33498e340dacf172ee4d70e19ec3b558e9712," ",2,,000000023367,,,,
,6011829226382360,000000,000000018805,000000018805,000000018805,0107150000,3079,356,901,59,04,p31243,12,70011803,CLEARTRIP689430,9784926881899,586," ",WEB,rupay,d5989b002b21cef6c69741c271f90d27a80d82c512," ",1,,000000014397,,,,
,5448808686841193,000000,000000027908,000000027908,000000027908,0107150000,3234,356,901,52,04,g52834,12,70007469,PAYUPAISA477790,9785125078301,356," ",WEB,mastercard,a64d027f7ec69c5621ee91c0ec18d4000fb2996d12," ",3,,,,,,
,4024007118253748,000000,000000012293,000000012293,000000012293,0108010000,3151,356,901,52,04,y33653,12,70011803,CLEARTRIP689430,9791358918383,524," ",WEB,visa,63d6865e3a5c1d7e97527e142d79b16a3f8b0f2712," ",1,,000000013178,,,,
,2221978181228491,000000,000000073757,000000073757,000000073757,0109020000,4582,356,901,59,04,j93071,12,70007469,PAYUPAISA477790,9784782667101,356," ",WEB,mastercard,910a8349a20da832d99770fd65302d2d0671cc4812," ",3,,000000084356,,,,
,4485175065737146,000000,000000018738,000000018738,000000018738,0109030000,3000,144,901,52,04,x86726,12,70007469,PAYUPAISA477790,9780523843841,524," ",WEB,visa,e509a130fff7a91423ad90477fea3cdd95ea3c3c12," ",3,,000000013720,,,,
,6011935370451008,000000,000000007015,000000007015,000000007015,0109040000,3757,144,901,52,04,e53749,12,70007469,PAYUPAISA477790,9790093542853,586," ",WEB,rupay,3fc51c0c5d802298603324bafdd433f9d45730ba12," ",3,,,,,,
,6011189283961501,000000,000000013896,000000013896,000000013896,0109060000,3362,144,901,59,04,y13122,12,70015020,GROFERS11797900,9797043102464,144," ",WEB,rupay,ae44f2ad6d2701a0b52632089a3ab205f7de4e4b12," ",2,,000000009822,,,,
,6011920728597199,000000,000000012270,000000012270,000000012270,0109070000,3427,586,901,52,04,r89117,12,70011803,CLEARTRIP689430,9789048333264,356," ",WEB,rupay,b0a8da7c542fffe1da4aacc0ddc9a032172187be12," ",1,,,,,,
,2608252458008801,000000,000000057423,000000057423,000000057423,0109110000,3359,356,901,52,04,x34066,12,70015020,GROFERS11797900,9787100324441,356," ",WEB,mastercard,db1003be503c4775049a2b7ee8682c90ff638b9512," ",2,,000000097912,,,,
,2608252458008801,000000,000000081095,000000081095,000000081095,0109110000,3438,524,901,52,04,o85021,12,70011803,CLEARTRIP689430,9795098980150,144," ",WEB,mastercard,92b62a26620433316983a76a40f766786ad03f8012," ",1,,000000097912,,,,
,4539139424130035,000000,000000013259,000000013259,000000013259,0109130000,4411,524,901,52,04,d56105,12,70007469,PAYUPAISA477790,9797970261708,586," ",WEB,visa,a7c936810a50ff004ba437d064f4ec6b8b1adb5612," ",3,,000000013340,000000038792,,,
,6011935370451008,000000,000000008722,000000008722,000000008722,0109160000,3245,524,901,59,04,i17423,12,70015020,GROFERS11797900,9792001741501,144," ",WEB,rupay,22833c5d227b8caa76af15a817ce5a0b881ffd7f12," ",2,,,,,,
,4986225983942924,000000,000000024151,000000024151,000000024151,0109200000,5551,356,901,59,04,y61866,12,70011803,CLEARTRIP689430,9791229344853,144," ",WEB,visa,cd15374d7033118dc710b6f0f95f6afe4887e5ea12," ",1,,,,,,
,4556327688792800,000000,000000013745,000000013745,000000013745,0109230000,3391,586,901,59,04,w48446,12,70015020,GROFERS11797900,9785174740464,356," ",WEB,visa,d37772f7ba882e23fd076f2c886dab74b741878612," ",2,,,,,,
,2221882807573993,000000,000000027191,000000027191,000000027191,0109230000,3380,586,901,59,04,v07774,12,70007469,PAYUPAISA477790,9786242798356,144," ",WEB,mastercard,bb92165ebbbc17a6080b9fec1cd699cb541783f412," ",3,,,,,,
,2608252458008801,000000,000000070871,000000070871,000000070871,0110030000,3211,524,901,59,04,f57513,12,70015020,GROFERS11797900,9794399034104,586," ",WEB,mastercard,f8f05847f63325b6d80c122ca37ce49217bafdc912," ",2,,000000097912,,,,
,6011804551044356,000000,000000007204,000000007204,000000007204,0110060000,5561,586,901,59,04,b75673,12,70007469,PAYUPAISA477790,9792840716869,356," ",WEB,rupay,784029b35d6cf59d7f4ee8240582289ce7d1e5f212," ",3,,,,,,
,5539163528452878,000000,000000025403,000000025403,000000025403,0110090000,4457,586,901,52,04,t98830,12,70007469,PAYUPAISA477790,9793940556959,144," ",WEB,mastercard,4206ffb21926d4c6aa7721f7f0812c9106dc0d2f12," ",3,,,,,,
,6011006438921695,000000,000000004097,000000004097,000000004097,0110100000,7511,144,901,52,04,y34033,12,70015020,GROFERS11797900,9788748546219,586," ",WEB,rupay,7a05f93d3804d1a492af9f734b9d24c1d05c677212," ",2,,000000008341,,,,
,4556786663993545,000000,000000026014,000000026014,000000026014,0110120000,3211,586,901,59,04,p28973,12,70007469,PAYUPAISA477790,9799444431785,144," ",WEB,visa,0a2c72b6e9a124a1185586d39e06f8e491ff3c1e12," ",3,,,,,,
,2720102927475748,000000,000000021343,000000021343,000000021343,0110150000,3396,144,901,52,04,p70490,12,70007469,PAYUPAISA477790,9780899461571,586," ",WEB,mastercard,0798872516beca69838d847c0ea3be6d1dc8b19912," ",3,,,,,,
,6011920728597199,000000,000000002444,000000002444,000000002444,0110190000,4011,356,901,59,04,j29131,12,70011803,CLEARTRIP689430,9784908671562,356," ",WEB,rupay,2efef06d72c24fbc6bef59e49d74b624b9003bb412," ",1,,,,,,
,4024007131668708,000000,000000008644,000000008644,000000008644,0110210000,3193,144,901,52,04,j55978,12,70015020,GROFERS11797900,9783703924453,356," ",WEB,visa,61af856acc52c8fbd75f8c678a74f8345741bae812," ",2,,000000012408,000000013867,000000013194,,
,4929526968847289,000000,000000027521,000000027521,000000027521,0111000000,3243,524,901,52,04,n77693,12,70011803,CLEARTRIP689430,9793233054315,356," ",WEB,visa,8f03e74ecdbc6d4f30ec9eb7420ab4f7a4e570e612," ",1,,000000012784,,,,
,6011784160071380,000000,000000026163,000000026163,000000026163,0111040000,3285,356,901,52,04,v39405,12,70011803,CLEARTRIP689430,9794209595375,586," ",WEB,rupay,940e1b1df9f05ba6462c405e7749c2d0e1539cd512," ",1,,000000009629,000000023699,,,
,4532635939117398,000000,000000012773,000000012773,000000012773,0111040000,3219,144,901,52,04,v65405,12,70015020,GROFERS11797900,9793897892148,586," ",WEB,visa,5582a874deaa6b52055f64f0fc97fa60cab897c712," ",2,,000000001837,,,,
,5349216399619304,000000,000000091760,000000091760,000000091760,0112000000,5511,356,901,59,04,t76511,12,70007469,PAYUPAISA477790,9789335347844,586," ",WEB,mastercard,e9c63c4c1a8a9cdf40a71977ddf4d674462970d512," ",3,,000000071275,000000080126,,,
,4916112577088287,000000,000000014201,000000014201,000000014201,0112020000,3248,356,901,52,04,a10143,12,70007469,PAYUPAISA477790,9791929502454,144," ",WEB,visa,482c97e40f67cc68c154a131172802bafe7adf6212," ",3,,,,,,
,6011006438921695,000000,000000003404,000000003404,000000003404,0112060000,3366,356,901,59,04,e49902,12,70011803,CLEARTRIP689430,9780847789665,356," ",WEB,rupay,af8b5c87a78ba6b488926b749c611797eadcb3ec12," ",1,,000000008341,,,,
,5301323519105945,000000,000000069594,000000069594,000000069594,0112060000,3172,586,901,59,04,g04820,12,70011803,CLEARTRIP689430,9789795346234,144," ",WEB,mastercard,57c36406990b10973c507388a407f1dc388df13312," ",1,,000000082567,,,,
,4539433150521313,000000,000000012951,000000012951,000000012951,0112090000,3380,144,901,59,04,z85379,12,70015020,GROFERS11797900,9786666404451,586," ",WEB,visa,c59472061b39cb5a0347d6aca1cf589d3e2bad4012," ",2,,000000013040,,,,
,4716678214231755,000000,000000012995,000000012995,000000012995,0112120000,5599,356,901,52,04,p52598,12,70015020,GROFERS11797900,9792334944723,144," ",WEB,visa,28693f1c7fe5ee331578bdccff692ae0ebe532f912," ",2,,000000024044,000000012349,,,
,2557287988464091,000000,000000001048,000000001048,000000001048,0112160000,3005,356,901,52,04,e83782,12,70015020,GROFERS11797900,9783441052272,586," ",WEB,mastercard,462162cd36825a8450c275d2f5f82baf62a5441812," ",2,,000000019579,,,,
,4532635939117398,000000,000000012226,000000012226,000000012226,0112190000,3374,356,901,52,04,h74427,12,70011803,CLEARTRIP689430,9787823779153,356," ",WEB,visa,0a5961dc7a58defc431ad219ff082f250d130b0012," ",1,,000000001837,,,,
,4485100850384532,000000,000000012738,000000012738,000000012738,0112210000,3005,356,901,52,04,j97709,12,70011803,CLEARTRIP689430,9780395896341,356," ",WEB,visa,40990a8fef545fa5cf0a02b6ccc369faf352689012," ",1,,000000016117,,,,
,5204914772621103,000000,000000020244,000000020244,000000020244,0112230000,4789,524,901,59,04,q26751,12,70011803,CLEARTRIP689430,9795808670395,586," ",WEB,mastercard,42323f87afa7a8e8e57b87d9b7094b76e3f330b612," ",1,,,,,,
,6011829226382360,000000,000000005285,000000005285,000000005285,0113030000,5521,356,901,52,04,q09432,12,70011803,CLEARTRIP689430,9794835902455,586," ",WEB,rupay,3df8e5ff03aaa9715367832c5f4be69efa106b0512," ",1,,000000014397,,,,
,5508656364933866,000000,000000023739,000000023739,000000023739,0113060000,4111,524,901,52,04,z96819,12,70015020,GROFERS11797900,9797614983393,356," ",WEB,mastercard,6acfd0abd3e981c344d94081b31e2157295e604312," ",2,,,,,,
,6011935370451008,000000,000000006021,000000006021,000000006021,0113090000,3436,586,901,59,04,c56113,12,70011803,CLEARTRIP689430,9781572169692,586," ",WEB,rupay,dafb26b9aea68b7850a8d0573dbbfbfa8c9b343412," ",1,,,,,,
,4532687835411607,000000,000000007156,000000007156,000000007156,0113100000,3172,144,901,52,04,i45841,12,70011803,CLEARTRIP689430,9780116930477,586," ",WEB,visa,32e8f96301eed71a5d58374f7b436fa33fb777c512," ",1,,,,,,
,4485100850384532,000000,000000013782,000000013782,000000013782,0113100000,3239,586,901,59,04,g14764,12,70007469,PAYUPAISA477790,9782978127620,356," ",WEB,visa,968ad4c35073de1079e7c98c5cdec788a89b484e12," ",3,,000000016117,,,,
,5108411630631207,000000,000000027971,000000027971,000000027971,0114020000,3381,356,901,59,04,y03611,12,70015020,GROFERS11797900,9798960149198,586," ",WEB,mastercard,6e9da50f9146cf42c1b5dbcf528080ee94f5368c12," ",2,,000000011080,,,,
,6011784160071380,000000,000000019495,000000019495,000000019495,0114060000,3219,356,901,52,04,g09411,12,70007469,PAYUPAISA477790,9784944308187,144," ",WEB,rupay,127fe67a672f5c60b82339ffa8403db343574c4012," ",3,,000000009629,000000023699,,,
,4539866589853064,000000,000000012950,000000012950,000000012950,0114100000,3501,356,901,59,04,h98897,12,70007469,PAYUPAISA477790,9784042283638,356," ",WEB,visa,306329cdca3c6e5eecdecac728b124e61f6b8ccc12," ",3,,000000013927,,,,
,4929146601983852,000000,000000012185,000000012185,000000012185,0114100000,3206,356,901,52,04,b61939,12,70007469,PAYUPAISA477790,9798514398928,356," ",WEB,visa,c97650dba1d955b78f22dbf12e08d7292b8c2ade12," ",3,,000000013801,,,,
,4490589740355202,000000,000000006046,000000006046,000000006046,0115010000,3219,356,901,52,04,s78792,12,70011803,CLEARTRIP689430,9789895751006,356," ",WEB,visa,b155fcfc6804d3837e3afbe494cc9b76fd04e09812," ",1,,,,,,
,5352746410810627,000000,000000028545,000000028545,000000028545,0115010000,3204,356,901,52,04,n28824,12,70011803,CLEARTRIP689430,9788243451889,356," ",WEB,mastercard,7ae5c8a9f4a903fcb28a84c9b9326440a9927ac512," ",1,,,,,,
,2568144138306812,000000,000000019704,000000019704,000000019704,0115050000,3245,586,901,52,04,h85994,12,70007469,PAYUPAISA477790,9782486795144,144," ",WEB,mastercard,ec1136e66d5bef23dcb5b250f1ecc8b22428e34212," ",3,,000000091718,,,,
,4024007118253748,000000,000000013875,000000013875,000000013875,0115090000,3177,144,901,59,04,w55671,12,70015020,GROFERS11797900,9792582844646,356," ",WEB,visa,d37cc5713ee7054e3788f7183370b9b8e6f7a9f812," ",2,,000000013178,,,,
,2221882807573993,000000,000000023600,000000023600,000000023600,0115090000,7012,356,901,59,04,p57453,12,70007469,PAYUPAISA477790,9794592260768,356," ",WEB,mastercard,99229907c11821c30c2cc2316b34641e64f0853e12," ",3,,,,,,
,4539874789911310,000000,000000017640,000000017640,000000017640,0115120000,3111,356,901,59,04,i83606,12,70007469,PAYUPAISA477790,9790783342237,144," ",WEB,visa,caaf01717326da3e8a455d46a3e091aad40f0c0a12," ",3,,,,,,
,6011779343779347,000000,000000013463,000000013463,000000013463,0115140000,3226,356,901,52,04,u05026,12,70007469,PAYUPAISA477790,9790325576779,356," ",WEB,rupay,934cc63922e3d83c8ef472e113654eb7bc24942512," ",3,,000000022243,,,,
,6011830320992807,000000,000000021177,000000021177,000000021177,0116010000,3148,586,901,52,04,o02093,12,70007469,PAYUPAISA477790,9792659446346,144," ",WEB,rupay,13d7c3a84e26d1776e88da3d04173e64d37e3d8a12," ",3,,000000007319,000000019679,,,
,4929700957056703,000000,000000005702,000000005702,000000005702,0116010000,3135,524,901,59,04,q42197,12,70011803,CLEARTRIP689430,9788558786317,586," ",WEB,visa,a69ec83a2ded60bce4ff04ab27944080f7bd03a512," ",1,,000000013831,,,,
,2602133419763849,000000,000000030033,000000030033,000000030033,0116010000,7511,356,901,59,04,u29415,12,70011803,CLEARTRIP689430,9790855618826,144," ",WEB,mastercard,fe4fe226b1780ee7e2f59e2d1f42010dedae105412," ",1,,,,,,
,4916143899922143,000000,000000012129,000000012129,000000012129,0116040000,7511,144,901,59,04,s64553,12,70015020,GROFERS11797900,9783960714972,144," ",WEB,visa,0026a582fa0ac9d0f4f03013fc58d37b2e43273d12," ",2,,000000012823,,,,
,4532687835411607,280000,000000011013,000000011013,000000011013,0104230000,3178,356,901,59,04,w67050,12,70011803,CLEARTRIP689430,9792816187617,356," ",WEB,visa,8eaf93b009b117a205e0c6f12e6febeb7007fc2312," ",1,,000000007156,,,,
,2643768856440939,280000,000000022095,000000022095,000000022095,0105020000,7012,586,901,59,04,s84597,12,70011803,CLEARTRIP689430,9781674878386,356," ",WEB,mastercard,fbf7e907c6988430a80a62f1bc72cb2e5a7a6bdd12," ",1,,000000021588,,,,
,6011145133101896,280000,000000008393,000000008393,000000008393,0105060000,3094,356,901,52,04,u91693,12,70011803,CLEARTRIP689430,9795145693767,356," ",WEB,rupay,73eb314a59cf2637a634d4ccbdb6abdb674d9ed112," ",1,,000000005678,,,,
,4567278727388778,280000,000000013777,000000013777,000000013777,0105060000,3439,356,901,59,04,u87435,12,70015020,GROFERS11797900,9795715252127,356," ",WEB,visa,4067c5c371459ecb53e48b68afe782788b38ccd212," ",2,,000000012000,,,,
,6011804551044356,280000,000000009084,000000009084,000000009084,0105060000,4457,356,901,59,04,p60665,12,70007469,PAYUPAISA477790,9784649641213,356," ",WEB,rupay,23d42476767b211cecc029f1c921aa1a28a86d7f12," ",3,,000000007204,000000012580,000000000463,,
,4024007140508705,280000,000000013968,000000013968,000000013968,0105090000,3229,356,901,59,04,z23079,12,70007469,PAYUPAISA477790,9789007264547,586," ",WEB,visa,0e6670d89b5793e5cfdcbd8dd43ac5aea9e1374d12," ",3,,,,,,
,4024007131668708,280000,000000012829,000000012829,000000012829,0105090000,3381,356,901,52,04,b64266,12,70007469,PAYUPAISA477790,9796996576056,356," ",WEB,visa,b5c016f697eebe6ec1a452feeaddd0aa90d31b2112," ",3,,000000008644,000000012319,000000012408,000000013867,000000013194
,6011829226382360,280000,000000019237,000000019237,000000019237,0105130000,3196,586,901,59,04,x06629,12,70011803,CLEARTRIP689430,9796511678128,356," ",WEB,rupay,8bb2146fec05ac4ba90a969f73aa177e2a3a4a0e12," ",1,,000000005285,000000018805,000000014397,,
,5349216399619304,280000,000000025950,000000025950,000000025950,0105140000,3103,524,901,52,04,d23259,12,70007469,PAYUPAISA477790,9793960532049,356," ",WEB,mastercard,ecb762eeb7c1e2f520193dcc6dd6026e5bb1302e12," ",3,,000000091760,000000071275,000000080126,,
,4532246605326378,280000,000000013421,000000013421,000000013421,0105160000,3200,586,901,52,04,v12024,12,70015020,GROFERS11797900,9780299204334,356," ",WEB,visa,45c5daed8472ee2d6bb77c91630a3aa150461a1a12," ",2,,000000012960,,,,
,2720386609281249,280000,000000013052,000000013052,000000013052,0105200000,4111,144,901,52,04,q05115,12,70015020,GROFERS11797900,9782335216202,356," ",WEB,mastercard,48d418ecc5b30915482bef1da8179086a79607f812," ",2,,000000021828,000000018514,,,
,4716678214231755,280000,000000000372,000000000372,000000000372,0106010000,8675,356,901,52,04,f94985,12,70007469,PAYUPAISA477790,9787516884850,144," ",WEB,visa,392dce2ffec770553a249d26238a2a39ac41065512," ",3,,000000012995,000000024044,000000012349,,
,6011935370451008,280000,000000022601,000000022601,000000022601,0106050000,3253,356,901,59,04,p97832,12,70011803,CLEARTRIP689430,9780171601879,356," ",WEB,rupay,1ba10228d0742e0d27e481175af2f6372150145912," ",1,,000000006021,000000008722,000000007015,000000021795,
,2415235660628550,280000,000000062381,000000062381,000000062381,0106090000,3245,586,901,59,04,x59162,12,70015020,GROFERS11797900,9794784129507,356," ",WEB,mastercard,d055a3766906d47c7303fdaae8ccf3ce7369954b12," ",2,,000000060600,000000023367,,,
,5587268153153328,280000,000000023306,000000023306,000000023306,0106090000,3096,524,901,59,04,x31370,12,70007469,PAYUPAISA477790,9799788305094,524," ",WEB,mastercard,ecd08521844c74044f579cfafea0232da40646cc12," ",3,,,,,,
,5129482911245962,280000,000000042497,000000042497,000000042497,0106120000,3197,524,901,59,04,y63152,12,70011803,CLEARTRIP689430,9783918880575,586," ",WEB,mastercard,376a28bcba5b10319858474490b03e05bb7f29b612," ",1,,000000021362,000000080006,,,
,6011784160071380,280000,000000012813,000000012813,000000012813,0106140000,4121,144,901,52,04,y98769,12,70015020,GROFERS11797900,9790195783949,524," ",WEB,rupay,edaa93c4656c9e4e124ebc34338452f1d43b2e2512," ",2,,000000019495,000000026163,000000009629,000000023699,
,4539800466191116,280000,000000013939,000000013939,000000013939,0106170000,4111,586,901,52,04,l62066,12,70007469,PAYUPAISA477790,9793740989216,586," ",WEB,visa,44777c557e01f783f8a3d3e262e9a2a5970edd3c12," ",3,,000000012316,,,,
,5108411630631207,280000,000000040043,000000040043,000000040043,0106190000,3287,356,901,59,04,r82532,12,70007469,PAYUPAISA477790,9798839621589,586," ",WEB,mastercard,1506c9650c65624d333e8637055c0a76ee6669e412," ",3,,000000027971,000000020679,000000084861,000000011080,
,4153478340676373,280000,000000013004,000000013004,000000013004,0106230000,3421,356,901,59,04,v50025,12,70011803,CLEARTRIP689430,9799337290697,586," ",WEB,visa,2bd1419e120e31b015c91f433fc6fe5608ce6b0412," ",1,,000000012103,,,,
,2720152444270080,280000,000000025259,000000025259,000000025259,0107000000,7033,144,901,59,04,c49804,12,70015020,GROFERS11797900,9787613741865,144," ",WEB,mastercard,7e35b3ced6db0455d54876336181bc13ea09034712," ",2,,000000022397,,,,
,4532635939117398,280000,000000022210,000000022210,000000022210,0107000000,3103,144,901,52,04,j45949,12,70015020,GROFERS11797900,9785176788778,356," ",WEB,visa,37cfc49261bf0d28715990d017ff39c05005435612," ",2,,000000012226,000000012773,000000001837,,
,2720102927475748,280000,000000005896,000000005896,000000005896,0107040000,3094,586,901,52,04,n03240,12,70015020,GROFERS11797900,9788849920116,144," ",WEB,mastercard,73ca05ce1102ff10a1b01841d3e3a092625f77d012," ",2,,000000021343,000000092859,000000094123,000000021733,
,4532766092221022,280000,000000017423,000000017423,000000017423,0107080000,3228,586,901,52,04,f86497,12,70011803,CLEARTRIP689430,9785211624900,356," ",WEB,visa,931267fc4e74714344e7a19f04bc5bee41fcb7e312," ",1,,,,,,
,2415235660628550,280000,000000099457,000000099457,000000099457,0107080000,3196,144,901,59,04,z91824,12,70015020,GROFERS11797900,9790037126347,356," ",WEB,mastercard,c892f62a45b90bc8cb240fb6164be1396cc6c56912," ",2,,000000060600,000000023367,,,
,6011784160071380,280000,000000015367,000000015367,000000015367,0107120000,3366,356,901,52,04,o66242,12,70007469,PAYUPAISA477790,9796654855332,144," ",WEB,rupay,7bf93d218d34e9c380c23638ee437a71cdec62bf12," ",3,,000000019495,000000026163,000000009629,000000023699,
,4539866589853064,280000,000000012995,000000012995,000000012995,0107120000,3366,586,901,52,04,i34340,12,70015020,GROFERS11797900,9793955475054,356," ",WEB,visa,d7e7f923da5b0bd4fb5b73f12a639b8b6bdc4e9c12," ",2,,000000012950,000000013927,,,
,2720152444270080,280000,000000052145,000000052145,000000052145,0107120000,7012,144,901,59,04,r57033,12,70007469,PAYUPAISA477790,9780831023478,356," ",WEB,mastercard,3895b5f1fc49d5001d412466667c5e9733212f2412," ",3,,000000022397,,,,
,2720386609281249,280000,000000018956,000000018956,000000018956,0107130000,3213,586,901,52,04,w25631,12,70011803,CLEARTRIP689430,9795105794374,356," ",WEB,mastercard,72d3502064e3449f05de2175bd157c4d6afcf4a512," ",1,,000000021828,000000018514,,,
,2433507638493079,280000,000000023453,000000023453,000000023453,0107130000,3178,356,901,52,04,y01680,12,70015020,GROFERS11797900,9792383879410,356," ",WEB,mastercard,e8f2514205c92be4d4a64b4b6f284685756c0cc012," ",2,,,,,,
,2396478346989565,280000,000000021332,000000021332,000000021332,0107160000,3125,144,901,59,04,y83523,12,70011803,CLEARTRIP689430,9785490806233,144," ",WEB,mastercard,57fe5a0b208d761244f3eb1df973a713fd532f9812," ",1,,000000094530,000000022691,,,
,2608252458008801,280000,000000088384,000000088384,000000088384,0107170000,3000,524,901,52,04,u96338,12,70007469,PAYUPAISA477790,9785346298823,356," ",WEB,mastercard,3e60ef4c1668b67610dde7441418e8b355bb88f612," ",3,,000000070871,000000081095,000000057423,000000097912,
,6011830320992807,280000,000000002167,000000002167,000000002167,0107200000,3385,524,901,59,04,h28231,12,70011803,CLEARTRIP689430,9796709546222,356," ",WEB,rupay,f56a621b97e06feb5d630886d9871069ce57c35f12," ",1,,000000021177,000000007319,000000019679,,
,5331235391528800,280000,000000095892,000000095892,000000095892,0107200000,4121,144,901,52,04,m51460,12,70007469,PAYUPAISA477790,9780214365034,356," ",WEB,mastercard,22278ea96294a0b91d2429ecb33824721f69c4a012," ",3,,000000064799,000000027745,,,
,2686363325817582,280000,000000074632,000000074632,000000074632,0107230000,3282,144,901,59,04,i33901,12,70015020,GROFERS11797900,9791655697400,586," ",WEB,mastercard,774b74b85099c340ff8e9892489c82fb88ecfa8012," ",2,,000000019053,,,,
,5448808686841193,280000,000000022126,000000022126,000000022126,0108000000,3219,356,901,59,04,h56122,12,70007469,PAYUPAISA477790,9789437522538,524," ",WEB,mastercard,75c32a8ad5d5eac24cdae0d0af52ac4b297feb1412," ",3,,000000027908,,,,
,4536274770502322,280000,000000008238,000000008238,000000008238,0108030000,3393,144,901,52,04,w75558,12,70007469,PAYUPAISA477790,9798058826109,144," ",WEB,visa,a4b726566121bec9a90f51a51d1314dbfee7b49412," ",3,,,,,,
,6011656648431776,280000,000000009316,000000009316,000000009316,0108050000,3177,356,901,52,04,j43690,12,70007469,PAYUPAISA477790,9793702560484,356," ",WEB,rupay,a71f2e6a45f7c902c5c7686989c02043df43504812," ",3,,000000002984,000000026233,,,
,4539139424130035,280000,000000012681,000000012681,000000012681,0108060000,3287,356,901,59,04,r20206,12,70015020,GROFERS11797900,9784815803896,144," ",WEB,visa,fb89f74e1e31aaf560ecc2de50a20e5dbee3436b12," ",2,,000000013259,000000013340,000000038792,,
,2646447376714159,280000,000000008163,000000008163,000000008163,0108080000,3164,356,901,52,04,j16965,12,70011803,CLEARTRIP689430,9798762878265,144," ",WEB,mastercard,7a0562abfaeff3b70dca7ed3d32fa10ac8d7dc1512," ",1,,,,,,
,4539874789911310,280000,000000012590,000000012590,000000012590,0108120000,3385,356,901,52,04,r36293,12,70011803,CLEARTRIP689430,9783858657886,356," ",WEB,visa,0aaa607b47e2846d3a29fde32a66ec01ce4d04d612," ",1,,000000017640,000000012064,,,
,4153478340676373,280000,000000010605,000000010605,000000010605,0108120000,3005,356,901,59,04,n50006,12,70007469,PAYUPAISA477790,9798478026578,524," ",WEB,visa,4db34d0d68869391178c593bef09af6de7142a3112," ",3,,000000012103,,,,
,2686363325817582,280000,000000059025,000000059025,000000059025,0108140000,3164,356,901,52,04,l26302,12,70011803,CLEARTRIP689430,9780678261170,356," ",WEB,mastercard,f532461134faf034bb3ff9d742f6318a8f80c21b12," ",1,,000000019053,,,,
,4916063253524667,280000,000000013438,000000013438,000000013438,0108180000,3374,356,901,52,04,z58731,12,70011803,CLEARTRIP689430,9797429017122,356," ",WEB,visa,308241d27d84edb327853de9c5c3a5c930e5a26112," ",1,,,,,,
,4986225983942924,280000,000000013072,000000013072,000000013072,0108220000,5592,586,901,59,04,n33672,12,70011803,CLEARTRIP689430,9788039345828,356," ",WEB,visa,12544e2e4e6c53458e4f6699de89d66ee38dbc3112," ",1,,000000024151,,,,
,2221882807573993,280000,000000032963,000000032963,000000032963,0108230000,3260,356,901,59,04,t46972,12,70007469,PAYUPAISA477790,9786899552790,356," ",WEB,mastercard,36b1505713db464bb5647f751638df1ebe926de312," ",3,,000000023600,000000027191,,,
,6011935370451008,280000,000000015576,000000015576,000000015576,0109030000,7519,144,901,52,04,g25016,12,70007469,PAYUPAISA477790,9786622876919,356," ",WEB,rupay,d4271b69feb6ca1ca3a4eee6e64e59c16831fe0812," ",3,,000000006021,000000008722,000000007015,000000021795,
,2720152444270080,280000,000000027950,000000027950,000000027950,0109060000,3055,356,901,52,04,z82402,12,70007469,PAYUPAISA477790,9799117840678,586," ",WEB,mastercard,d972aaff3722d5727d0b47b97b713bf3666be21412," ",3,,000000022397,,,,
,4716550993163477,280000,000000028826,000000028826,000000028826,0109070000,3167,144,901,59,04,i91530,12,70015020,GROFERS11797900,9786973777118,144," ",WEB,visa,89c4afaa7f1943c6f5f4c87455801d41f0c6a42912," ",2,,,,,,
,4929146601983852,280000,000000000884,000000000884,000000000884,0109070000,3757,144,901,52,04,q12314,12,70007469,PAYUPAISA477790,9790159497486,356," ",WEB,visa,9ebc782b8da19172124b8013be138125f97dba1712," ",3,,000000012185,000000016562,000000013801,,
,6011920728597199,280000,000000020792,000000020792,000000020792,0109080000,5271,356,901,59,04,b25965,12,70007469,PAYUPAISA477790,9790735128353,586," ",WEB,rupay,1a02fc1d181ce82c024c210910dabb604219357612," ",3,,000000002444,000000012270,,,
,2513312283173461,280000,000000076280,000000076280,000000076280,0109080000,3260,356,901,52,04,b48040,12,70015020,GROFERS11797900,9790684105825,586," ",WEB,mastercard,3314ed524a1a629ee1fd98c45e3f648a06beacee12," ",2,,000000026888,,,,
,4024007140508705,280000,000000011706,000000011706,000000011706,0109120000,3398,356,901,59,04,a50596,12,70015020,GROFERS11797900,9787169814303,586," ",WEB,visa,89744398966abf0732ceb3c8a2fd0a5f9072800a12," ",2,,,,,,
,4539119833995715,280000,000000012101,000000012101,000000012101,0109140000,3033,586,901,59,04,v83516,12,70007469,PAYUPAISA477790,9795261281084,144," ",WEB,visa,f5daf36929cfcb6823203f27d2496ceaa27d1fa712," ",3,,000000013768,,,,
,4716944788006340,280000,000000018850,000000018850,000000018850,0109150000,3815,586,901,59,04,k77969,12,70007469,PAYUPAISA477790,9790776510902,586," ",WEB,visa,65074364a3fde139ce9c03ef2534e5229f3132f912," ",3,,000000012735,,,,
,5352746410810627,280000,000000079162,000000079162,000000079162,0109160000,3412,356,901,59,04,z90340,12,70007469,PAYUPAISA477790,9786794103394,144," ",WEB,mastercard,02ba24a7a91274cd2bfe75ea5392f002a62e09dd12," ",3,,000000028545,000000025232,,,
,4024007108703181,280000,000000012747,000000012747,000000012747,0109180000,3260,356,901,59,04,b91113,12,70007469,PAYUPAISA477790,9786336967361,356," ",WEB,visa,72b6a270e012b203debbaba417f7bb8b53312aad12," ",3,,,,,,
,4929700957056703,280000,000000012564,000000012564,000000012564,0109220000,3393,144,901,59,04,s01377,12,70015020,GROFERS11797900,9784785602963,356," ",WEB,visa,ad07fa7a3a01617051e04f9a92c2de3ed8a79ea812," ",2,,000000005702,000000013425,000000013831,,
,2415235660628550,280000,000000035230,000000035230,000000035230,0110010000,3280,586,901,52,04,n91031,12,70015020,GROFERS11797900,9787834674393,356," ",WEB,mastercard,4669ef01bce9452444149fce5bb68b987bd3ce2a12," ",2,,000000060600,000000023367,,,
,5587268153153328,280000,000000099161,000000099161,000000099161,0110050000,7523,524,901,52,04,z55649,12,70015020,GROFERS11797900,9783772544873,144," ",WEB,mastercard,532fdff5287097fb03882d50ac75a0d388a5721f12," ",2,,,,,,
,5331235391528800,280000,000000043405,000000043405,000000043405,0110070000,7549,144,901,59,04,g72457,12,70007469,PAYUPAISA477790,9780090199198,144," ",WEB,mastercard,e6b3747d1da293fe14f6e68689d4a7a4bc653d2a12," ",3,,000000064799,000000027745,,,
,5129482911245962,280000,000000021230,000000021230,000000021230,0110100000,3072,586,901,59,04,b77406,12,70015020,GROFERS11797900,9782918539841,356," ",WEB,mastercard,ebee5e94b2be0ed3781d436908d6fab62f8f23e512," ",2,,000000021362,000000080006,,,
,4485869129831602,280000,000000013118,000000013118,000000013118,0110110000,3370,144,901,52,04,z40430,12,70011803,CLEARTRIP689430,9798028742040,356," ",WEB,visa,b03229d5579b3c76054e5f0d4f02718b4b97a7eb12," ",1,,000000000105,,,,
,4153478340676373,280000,000000012697,000000012697,000000012697,0110150000,3196,144,901,52,04,y83479,12,70011803,CLEARTRIP689430,9793148985780,586," ",WEB,visa,72aa47b0781950d7a0bcc6ffc0ff148204afa03f12," ",1,,000000012103,,,,
,4485869129831602,280000,000000013027,000000013027,000000013027,0110170000,7012,144,901,59,04,f35582,12,70015020,GROFERS11797900,9794278670034,356," ",WEB,visa,031e32a765c3a46c6d417923127f6420deae11d512," ",2,,000000000105,,,,
,4916063253524667,280000,000000013374,000000013374,000000013374,0110200000,3068,144,901,59,04,w82141,12,70011803,CLEARTRIP689430,9782502672480,144," ",WEB,visa,22f2928091d6d83826ac4c1b40a8384374641ccf12," ",1,,,,,,
,2568144138306812,280000,000000019186,000000019186,000000019186,0110230000,7519,586,901,59,04,k36833,12,70015020,GROFERS11797900,9788306356595,586," ",WEB,mastercard,318e13d0c223ee59e82266b2569455239f1c067d12," ",2,,000000019704,000000091718,,,
,4532766092221022,280000,000000001705,000000001705,000000001705,0110230000,5271,356,901,59,04,i32937,12,70007469,PAYUPAISA477790,9792143330526,356," ",WEB,visa,b051d9558dd3228154dcb2d2d3b1325a7e6e39ae12," ",3,,,,,,
,5204914772621103,280000,000000062997,000000062997,000000062997,0111000000,4457,356,901,52,04,t88291,12,70011803,CLEARTRIP689430,9789366302621,144," ",WEB,mastercard,5daff3e73de92fc75d51dd8daad35934a4582e2312," ",1,,000000020244,,,,
,4532117962146990,280000,000000004296,000000004296,000000004296,0111000000,3299,524,901,59,04,h97858,12,70015020,GROFERS11797900,9795649407006,524," ",WEB,visa,23f7f6820fbc746b0482974c153eac47429f8c0312," ",2,,000000013300,,,,
,2436393306071142,280000,000000058667,000000058667,000000058667,0111030000,3359,144,901,59,04,s20865,12,70015020,GROFERS11797900,9792761374568,144," ",WEB,mastercard,8e810eb4511411c7765514d93c2d6de80a226a2312," ",2,,000000020710,,,,
,6011804551044356,280000,000000015746,000000015746,000000015746,0111040000,3243,144,901,59,04,p81446,12,70007469,PAYUPAISA477790,9782223346813,144," ",WEB,rupay,7d3861007a38e6b2ee2d293a019930fc471efb9c12," ",3,,000000007204,000000012580,000000000463,,
,4532246605326378,280000,000000022694,000000022694,000000022694,0111050000,3385,144,901,52,04,f06018,12,70015020,GROFERS11797900,9780514705684,524," ",WEB,visa,5d885a2bed3b47f992685fba7fcdb8d8f0695dab12," ",2,,000000012960,,,,
,4716550993163477,280000,000000009936,000000009936,000000009936,0111050000,7542,586,901,52,04,q05862,12,70011803,CLEARTRIP689430,9791365605771,356," ",WEB,visa,377a5621edbd5379b9eb6fefb820955108a2be6412," ",1,,,,,,
,4485869129831602,280000,000000013053,000000013053,000000013053,0111090000,3359,356,901,52,04,i63118,12,70011803,CLEARTRIP689430,9788590507680,356," ",WEB,visa,7a8642c935100be2fc5c1330b663fbef1b37aa7112," ",1,,000000000105,,,,
,4916143899922143,280000,000000012259,000000012259,000000012259,0111120000,3200,356,901,52,04,p87567,12,70015020,GROFERS11797900,9792959117021,524," ",WEB,visa,2f9e376e7cd73212879f2021dbc3584c0a0bbf6012," ",2,,000000012129,000000012823,,,
,6011830320992807,280000,000000017258,000000017258,000000017258,0111120000,3197,356,901,52,04,d93278,12,70007469,PAYUPAISA477790,9782989348632,144," ",WEB,rupay,1a39fb60af284908b9ae4ef7925d5c1b93e8452512," ",3,,000000021177,000000007319,000000019679,,
,5540024406642211,280000,000000024495,000000024495,000000024495,0112000000,3180,144,901,59,04,r83130,12,70011803,CLEARTRIP689430,9787947151873,586," ",WEB,mastercard,99f5dd087994586f1b8e4bbc98da0f7f2de8bb6112," ",1,,000000073556,,,,
,4916112577088287,280000,000000013072,000000013072,000000013072,0112000000,3252,356,901,59,04,l80434,12,70007469,PAYUPAISA477790,9799007971895,586," ",WEB,visa,94294c98b88d13d26006efe7a08f02cf2507598b12," ",3,,000000014201,000000012145,,,
,6011189283961501,280000,000000012044,000000012044,000000012044,0112020000,3197,144,901,52,04,g20047,12,70011803,CLEARTRIP689430,9786188900530,356," ",WEB,rupay,a229e5530177788bb0f912eb747c5816c764a28b12," ",1,,000000013896,000000009822,,,
,5429333376678279,280000,000000097735,000000097735,000000097735,0112050000,3102,356,901,52,04,f17222,12,70011803,CLEARTRIP689430,9788416887262,356," ",WEB,mastercard,24e570910f9a66c5e08f19c8390e0e6fc674e9fc12," ",1,,000000009620,000000078473,,,
,5352746410810627,280000,000000010126,000000010126,000000010126,0112060000,3171,144,901,52,04,s27973,12,70007469,PAYUPAISA477790,9792739331104,586," ",WEB,mastercard,5de62c10a00665e36e2833ef3e6b573c784c6c3a12," ",3,,000000028545,000000025232,,,
,6011935370451008,280000,000000014721,000000014721,000000014721,0112070000,3103,586,901,59,04,f63826,12,70007469,PAYUPAISA477790,9788545953975,356," ",WEB,rupay,62578eb73478fea0e7fb7b0e6b529c19fcf3014712," ",3,,000000006021,000000008722,000000007015,000000021795,
,2436393306071142,280000,000000019910,000000019910,000000019910,0112080000,3287,524,901,52,04,y80959,12,70011803,CLEARTRIP689430,9781009893817,586," ",WEB,mastercard,9f5ab8566a75f8394140147202cd5e27ead65b9c12," ",1,,000000020710,,,,
,4024007118253748,280000,000000013890,000000013890,000000013890,0112080000,3239,586,901,52,04,j49645,12,70015020,GROFERS11797900,9799015105183,356," ",WEB,visa,ff26f70798546da977234355c253979ebd02293812," ",2,,000000013875,000000012293,000000012893,000000013178,
,6011829226382360,280000,000000000672,000000000672,000000000672,0113020000,4784,356,901,59,04,c76581,12,70007469,PAYUPAISA477790,9793678719398,144," ",WEB,rupay,be9bfa11a26e72476f972d1d22934461fb9215bc12," ",3,,000000005285,000000018805,000000014397,,
,6011830320992807,280000,000000014694,000000014694,000000014694,0113050000,3757,356,901,59,04,s09527,12,70015020,GROFERS11797900,9796272569086,144," ",WEB,rupay,31e0170385ed4ce5b9346c2328e93f7e34b646e812," ",2,,000000021177,000000007319,000000019679,,
,2316524319838607,280000,000000021166,000000021166,000000021166,0113090000,3357,356,901,59,04,h28420,12,70007469,PAYUPAISA477790,9783209859617,356," ",WEB,mastercard,9abe074f165260f8ddd6dfc6616b11a24d53773d12," ",3,,,,,,
,4539874789911310,280000,000000013885,000000013885,000000013885,0113120000,3280,524,901,52,04,o84777,12,70011803,CLEARTRIP689430,9791608137717,144," ",WEB,visa,6eaee0e0cbda5fd61a42949eefebc051abea09f412," ",1,,000000017640,000000012064,,,
,4556327688792800,280000,000000013244,000000013244,000000013244,0113150000,3501,356,901,52,04,r06815,12,70007469,PAYUPAISA477790,9788968242915,144," ",WEB,visa,dcd146f2342ba3c1b2fd0561c51dca8a70ccfc6d12," ",3,,000000013745,,,,
,5448808686841193,280000,000000042979,000000042979,000000042979,0113180000,3075,144,901,52,04,o70085,12,70015020,GROFERS11797900,9782512971795,356," ",WEB,mastercard,a89938a79d3cae8692f4c61d35ad0b7716f326ae12," ",2,,000000027908,,,,
,4532117962146990,280000,000000011739,000000011739,000000011739,0113190000,3366,586,901,52,04,e54967,12,70011803,CLEARTRIP689430,9794036964009,586," ",WEB,visa,0fc2e190b14eb755239bd2662532ce2a3d3b78d512," ",1,,000000013300,,,,
,6011189283961501,280000,000000003570,000000003570,000000003570,0113190000,3261,586,901,52,04,r58234,12,70011803,CLEARTRIP689430,9790189071007,524," ",WEB,rupay,b9d1ab022ceb904d6511337c5b3d72b231fcd52e12," ",1,,000000013896,000000009822,,,
,6011846026449025,280000,000000026098,000000026098,000000026098,0113190000,3757,524,901,52,04,s15178,12,70011803,CLEARTRIP689430,9798202971723,586," ",WEB,rupay,d4333898fe194e73d701eef2a66374238ab4820f12," ",1,,,,,,
,5540024406642211,280000,000000020347,000000020347,000000020347,0113230000,5571,524,901,52,04,u91051,12,70007469,PAYUPAISA477790,9787549619573,356," ",WEB,mastercard,dfb9eb54b6cb88f93730f29f06d6e634bc0ed8bd12," ",3,,000000073556,,,,
,4485175065737146,280000,000000022787,000000022787,000000022787,0114000000,4111,524,901,52,04,u53973,12,70011803,CLEARTRIP689430,9785374276633,144," ",WEB,visa,865360f0665fb080f9cd2c8c82ae9d761dcba75512," ",1,,000000018738,000000013720,,,
,4532246605326378,280000,000000012989,000000012989,000000012989,0114040000,3204,356,901,59,04,r03708,12,70015020,GROFERS11797900,9780556777038,524," ",WEB,visa,0a89c7864657207eb14bef5e3359490243cb07ee12," ",2,,000000012960,,,,
,4539800466191116,280000,000000021214,000000021214,000000021214,0114070000,3112,356,901,59,04,k86101,12,70011803,CLEARTRIP689430,9795002936365,144," ",WEB,visa,607a053950ff8e57b7ecbfcde1869ba882adbbe812," ",1,,000000012316,,,,
,4929581908594889,280000,000000013815,000000013815,000000013815,0114100000,3441,356,901,59,04,t79478,12,70007469,PAYUPAISA477790,9792467429319,586," ",WEB,visa,4485cd7edc4a39e9997a9a19f1f6dcf158eb887712," ",3,,000000013595,000000012748,,,
,6011920728597199,280000,000000025559,000000025559,000000025559,0114140000,3821,356,901,59,04,j80429,12,70015020,GROFERS11797900,9799261658815,356," ",WEB,rupay,ee10be5478e18786a94db521f2509a7b8db6b22f12," ",2,,000000002444,000000012270,,,
,4532856714982687,280000,000000036745,000000036745,000000036745,0102200000,3161,356,901,52,04,c87207,12,70011803,CLEARTRIP689430,9796289602318,356," ",WEB,visa,c8ccdedf5de17fc10bad68a0d6e4492c302f266912," ",1,,000000013551,000000012075,,,
,2316524319838607,280000,000000022362,000000022362,000000022362,0102230000,3146,356,901,52,04,t63559,12,70015020,GROFERS11797900,9789518356960,144," ",WEB,mastercard,508d84ce26076d88700fbcecd67e4a0a7a93055312," ",2,,000000021166,,,,
,4539433150521313,280000,000000012278,000000012278,000000012278,0103030000,3193,144,901,59,04,o54538,12,70015020,GROFERS11797900,9793631139461,356," ",WEB,visa,8eacaeb3efafe528fc1ebe3709808680e65cd41c12," ",2,,000000012951,000000013040,,,
,6011784160071380,280000,000000022337,000000022337,000000022337,0103040000,3420,524,901,52,04,v73612,12,70011803,CLEARTRIP689430,9789110009752,586," ",WEB,rupay,d59ce69d0cb5c6f0dd942ef4f8b4a5ecd24004da12," ",1,,000000015367,000000012813,000000019495,000000026163,000000009629
,4539866589853064,280000,000000013869,000000013869,000000013869,0103080000,7513,144,901,52,04,e84223,12,70015020,GROFERS11797900,9780066687476,144," ",WEB,visa,f431f613e19e6c0c8b919226f8159657eb9c578912," ",2,,000000012995,000000012950,000000013927,,
,5212924834582326,280000,000000026549,000000026549,000000026549,0103080000,3427,144,901,52,04,g90839,12,70015020,GROFERS11797900,9793043184318,356," ",WEB,mastercard,6414a02079c182a343c3b32ef97f2901a2a3396712," ",2,,,,,,
,5331235391528800,280000,000000060204,000000060204,000000060204,0103080000,5551,586,901,52,04,y52201,12,70007469,PAYUPAISA477790,9791562478109,356," ",WEB,mastercard,0ab2fce314479804122e613cb661abf4564bd33b12," ",3,,000000043405,000000095892,000000064799,000000027745,
,6011846026449025,280000,000000019601,000000019601,000000019601,0103080000,5551,144,901,59,04,a55356,12,70011803,CLEARTRIP689430,9791720791200,356," ",WEB,rupay,7d6ecee2a1bce42ea7e35e7b4b399ef157cf8caf12," ",1,,000000026098,,,,
,4121097910977794,280000,000000013746,000000013746,000000013746,0103120000,5599,586,901,59,04,f43096,12,70015020,GROFERS11797900,9780518149279,144," ",WEB,visa,12f3d154b11419a74fe1a049874ce9fbc44153f512," ",2,,000000012270,000000006151,000000000947,,
,6011427686886473,280000,000000015295,000000015295,000000015295,0103130000,3243,144,901,52,04,v78761,12,70011803,CLEARTRIP689430,9790799216072,586," ",WEB,rupay,7c5e93e69fe20748f4dfca40f52f8aa238ba378612," ",1,,000000015489,,,,
,4490589740355202,280000,000000013695,000000013695,000000013695,0103170000,3144,356,901,59,04,j50489,12,70011803,CLEARTRIP689430,9782225445545,586," ",WEB,visa,fc55cd57ba24ca852ebbf7a350a85e2ea983689812," ",1,,000000006046,,,,
,2221882807573993,280000,000000092114,000000092114,000000092114,0103170000,3103,356,901,52,04,w56451,12,70015020,GROFERS11797900,9788019135623,524," ",WEB,mastercard,ebc7f12be876bbf92615958342a3382618901d2a12," ",2,,000000032963,000000023600,000000027191,,
,2396478346989565,280000,000000023893,000000023893,000000023893,0103180000,4131,144,901,52,04,v89079,12,70015020,GROFERS11797900,9795576325688,524," ",WEB,mastercard,0d950d8b57bd4cab41d6aeb56d199af9d44b4b5212," ",2,,000000021332,000000094530,000000022691,,
,2221978181228491,280000,000000027109,000000027109,000000027109,0103210000,3174,144,901,59,04,f42166,12,70007469,PAYUPAISA477790,9799943336215,586," ",WEB,mastercard,0211a58fbdb9f854d770efb22bd424552566e4c912," ",3,,000000073757,000000084356,,,
,2221978181228491,280000,000000050102,000000050102,000000050102,0104030000,5571,356,901,52,04,p56424,12,70015020,GROFERS11797900,9790174985449,144," ",WEB,mastercard,1666174cea9fa037f9000a27b035e188b63178de12," ",2,,000000073757,000000084356,,,
,4716678214231755,280000,000000020411,000000020411,000000020411,0104050000,7531,586,901,59,04,j87245,12,70007469,PAYUPAISA477790,9788420442235,144," ",WEB,visa,76f68f7480a061d7b5bc5b84977dab579ce287b312," ",3,,000000000372,000000012995,000000024044,000000012349,
,4716944788006340,280000,000000019984,000000019984,000000019984,0104060000,3299,356,901,52,04,x55519,12,70011803,CLEARTRIP689430,9783962697686,356," ",WEB,visa,ba7dbd69d6b135397d3dcc4d3955c112a592072412," ",1,,000000018850,000000012735,,,
,2720152444270080,280000,000000026457,000000026457,000000026457,0104070000,7531,144,901,59,04,z26652,12,70007469,PAYUPAISA477790,9780074702291,144," ",WEB,mastercard,fee856a3ece9c58ebf320567d2edc193efdfae9712," ",3,,000000027950,000000052145,000000025259,000000022397,
,4156860470944241,280000,000000013017,000000013017,000000013017,0104100000,3398,356,901,59,04,l44635,12,70011803,CLEARTRIP689430,9791071456933,356," ",WEB,visa,b69d1b12957b839838e20b45afd0127f5de1f8d912," ",1,,,,,,
,2221882807573993,280000,000000027562,000000027562,000000027562,0104140000,4582,356,901,59,04,t28061,12,70007469,PAYUPAISA477790,9787876819264,144," ",WEB,mastercard,67fb8f9c0005c649033fed94047adcbb298ae48612," ",3,,000000032963,000000023600,000000027191,,
,4929700957056703,280000,000000012802,000000012802,000000012802,0104150000,7542,356,901,52,04,x27882,12,70011803,CLEARTRIP689430,9796923572441,524," ",WEB,visa,3c711acb5eef6bc504a8dddd14e108c3d7d690b712," ",1,,000000012564,000000005702,000000013425,000000013831,
,4024007118253748,280000,000000012313,000000012313,000000012313,0104190000,3171,144,901,52,04,q51816,12,70011803,CLEARTRIP689430,9787409315843,144," ",WEB,visa,0ea58ae4f582d018c08f225abb56a5975e969efc12," ",1,,000000013890,000000013875,000000012293,000000012893,000000013178
,5212924834582326,280000,000000032237,000000032237,000000032237,0105000000,7511,356,901,59,04,x91077,12,70007469,PAYUPAISA477790,9781833928310,356," ",WEB,mastercard,382613a4a3e5a66c296e85e67c839510ff6d703f12," ",3,,,,,,
,5108411630631207,280000,000000026809,000000026809,000000026809,0106010000,3146,586,901,59,04,h49142,12,70007469,PAYUPAISA477790,9796999144641,356," ",WEB,mastercard,1fa6d08c1bec79d44aca01aec1e1f308b2d0e5d712," ",3,,000000040043,000000027971,000000020679,000000084861,000000011080
,4485869129831602,280000,000000012822,000000012822,000000012822,0106020000,7523,586,901,52,04,y48147,12,70015020,GROFERS11797900,9799329963486,356," ",WEB,visa,ee0368fedc2a417592aae1bd3f1ea6a0b82da24112," ",2,,000000013053,000000013027,000000013118,000000000105,
,6011779343779347,280000,000000010305,000000010305,000000010305,0106060000,3368,356,901,59,04,a26177,12,70007469,PAYUPAISA477790,9780313028564,586," ",WEB,rupay,018d611c8dab8e6791d4e4a4515457c68c7843ce12," ",3,,000000013463,000000022243,,,
,2415235660628550,280000,000000025546,000000025546,000000025546,0106100000,3370,144,901,52,04,y32894,12,70011803,CLEARTRIP689430,9790283270481,144," ",WEB,mastercard,e405bf3dcdd2e71a2c1cde03458f4df5e13b6af012," ",1,,000000035230,000000099457,000000062381,000000060600,000000023367
,5508656364933866,280000,000000019349,000000019349,000000019349,0106120000,7538,586,901,52,04,l78923,12,70015020,GROFERS11797900,9798998133916,356," ",WEB,mastercard,c6fcff099e6eb82815ea1e83c53234f774e0ca1612," ",2,,000000023739,000000021180,,,
,2396478346989565,280000,000000063175,000000063175,000000063175,0106160000,3393,356,901,59,04,r02628,12,70011803,CLEARTRIP689430,9797029603565,356," ",WEB,mastercard,2f493eb49f3ec0a3d3e4bba0c4ccb30485a25bf412," ",1,,000000021332,000000094530,000000022691,,
,4539874789911310,280000,000000012374,000000012374,000000012374,0106160000,3096,524,901,52,04,k61845,12,70011803,CLEARTRIP689430,9793487101643,356," ",WEB,visa,0d1a1b541a74b3635f8ceb470d8220f4fb346e4612," ",1,,000000013885,000000012590,000000017640,000000012064,
,4532246605326378,280000,000000013290,000000013290,000000013290,0106160000,3103,356,901,52,04,r50880,12,70011803,CLEARTRIP689430,9798760845146,356," ",WEB,visa,65503cfa631c5daa956c54c9d57705ca7be5749e12," ",1,,000000012989,000000022694,000000013421,000000012960,
,4929581908594889,280000,000000013555,000000013555,000000013555,0106200000,3436,144,901,59,04,w19839,12,70011803,CLEARTRIP689430,9788886030748,586," ",WEB,visa,e89b6e4c00068cd232aecc0cff0364dea267461712," ",1,,000000013815,000000013595,000000012748,,
,4556361062184375,280000,000000039054,000000039054,000000039054,0106210000,5271,144,901,59,04,p50365,12,70007469,PAYUPAISA477790,9780355443196,524," ",WEB,visa,247579959d6a53af4903d4924e352df2fcb9863512," ",3,,,,,,
,2221978181228491,280000,000000048142,000000048142,000000048142,0106230000,3412,586,901,52,04,a69891,12,70011803,CLEARTRIP689430,9797992568458,586," ",WEB,mastercard,df7fc0c0a56472f91b57729b8e300787557c58bd12," ",1,,000000073757,000000084356,,,
,4929146601983852,280000,000000033424,000000033424,000000033424,0107030000,3075,524,901,59,04,r83808,12,70007469,PAYUPAISA477790,9790218177120,356," ",WEB,visa,8e0446f7d5ab4ac47f8186568f838dcc772bfc3812," ",3,,000000000884,000000012185,000000016562,000000013801,
,2513312283173461,280000,000000068641,000000068641,000000068641,0107050000,3420,356,901,52,04,c92165,12,70007469,PAYUPAISA477790,9791587607065,144," ",WEB,mastercard,5bea334d33091f92d594f720187cb8a72af484f812," ",3,,000000076280,000000026888,,,
,2720102927475748,280000,000000027164,000000027164,000000027164,0107080000,3072,356,901,52,04,s29307,12,70007469,PAYUPAISA477790,9788644755739,356," ",WEB,mastercard,d0c1b7ed5574d1d895f0ca9343afb71aebf3e43e12," ",3,,000000005896,000000021343,000000092859,000000094123,000000021733
,4556786663993545,280000,000000033114,000000033114,000000033114,0107120000,3427,144,901,59,04,l32321,12,70015020,GROFERS11797900,9794583519042,356," ",WEB,visa,39215dd02882a64e2dd6c6eaef0cff91d9949ed112," ",2,,000000026014,,,,
,2396478346989565,280000,000000023660,000000023660,000000023660,0107120000,4112,144,901,59,04,b48738,12,70015020,GROFERS11797900,9787155959414,144," ",WEB,mastercard,88bb26ab61aace658835fdeb9d5e31b8e51d9ef412," ",2,,000000021332,000000094530,000000022691,,
,4153478340676373,280000,000000012753,000000012753,000000012753,0108010000,3436,586,901,52,04,d65069,12,70007469,PAYUPAISA477790,9786056632648,144," ",WEB,visa,dfeda1e6aeb8cae83e598cb6ecc519fabb5ac82912," ",3,,000000012697,000000010605,000000013004,000000012103,
,4986225983942924,280000,000000012261,000000012261,000000012261,0108010000,7523,524,901,59,04,t98046,12,70015020,GROFERS11797900,9782701746340,356," ",WEB,visa,4cdda6b1c61fb2148d0632e6ca7a029f92cb271812," ",2,,000000013072,000000024151,,,
,4024007140508705,280000,000000013010,000000013010,000000013010,0108010000,7538,356,901,52,04,n10676,12,70011803,CLEARTRIP689430,9788521605157,586," ",WEB,visa,92bc0d4fb72ffb2e51d3213046c88d05ccb7434212," ",1,,000000011706,000000013968,,,
,2221978181228491,280000,000000060178,000000060178,000000060178,0108040000,3282,144,901,59,04,u33210,12,70011803,CLEARTRIP689430,9790318628898,356," ",WEB,mastercard,bd2b0f35bf8b86a766f3d7601c3114c30a69a26812," ",1,,000000073757,000000084356,,,
,4485100850384532,280000,000000012765,000000012765,000000012765,0108040000,3144,144,901,59,04,p93056,12,70007469,PAYUPAISA477790,9789961960660,586," ",WEB,visa,5062e0c5f8acaa4d96230a582a91a7ecbdb314bf12," ",3,,000000013782,000000012738,000000016117,,
,5352746410810627,280000,000000024285,000000024285,000000024285,0108080000,3267,586,901,59,04,f27369,12,70007469,PAYUPAISA477790,9794604673395,144," ",WEB,mastercard,fd716abc63665bdbacaa8db5004010778b35c72f12," ",3,,000000010126,000000079162,000000028545,000000025232,
,6011145133101896,280000,000000010984,000000010984,000000010984,0108120000,7549,144,901,59,04,u53453,12,70011803,CLEARTRIP689430,9787845565772,356," ",WEB,rupay,d9d9f02be5e645b47d5e2615a2ba49fd1409152512," ",1,,000000008393,000000005678,,,
,6011830320992807,280000,000000009702,000000009702,000000009702,0108130000,3175,144,901,52,04,w06952,12,70011803,CLEARTRIP689430,9795901502531,586," ",WEB,rupay,d605e54ad42146cb141318931a97935be9d5d57612," ",1,,000000014694,000000017258,000000002167,000000021177,000000007319
,2221978181228491,280000,000000021022,000000021022,000000021022,0108140000,3380,356,901,52,04,q79918,12,70007469,PAYUPAISA477790,9784422133218,144," ",WEB,mastercard,fbf4d4ae66cf3cc2368da0322f056f8b4510f4d012," ",3,,000000073757,000000084356,,,
,5129482911245962,280000,000000021555,000000021555,000000021555,0108160000,3287,356,901,59,04,m97833,12,70015020,GROFERS11797900,9794222249521,356," ",WEB,mastercard,e39a5454e0ede104169c7d898f25c7f8b7c9cee912," ",2,,000000021230,000000042497,000000021362,000000080006,
,4556786663993545,280000,000000035705,000000035705,000000035705,0108160000,3219,586,901,59,04,j21593,12,70015020,GROFERS11797900,9789502556451,356," ",WEB,visa,1835166274351e4506148883b968adc79cd68d2a12," ",2,,000000026014,,,,
,2436393306071142,280000,000000039753,000000039753,000000039753,0108180000,7542,586,901,52,04,r96660,12,70011803,CLEARTRIP689430,9782995449989,144," ",WEB,mastercard,6b3105c1115636f8b9308bb16685e39ede65022112," ",1,,000000019910,000000058667,000000020710,,
,6011856641891980,280000,000000020996,000000020996,000000020996,0108180000,3132,356,901,52,04,g90636,12,70015020,GROFERS11797900,9798151078276,524," ",WEB,rupay,0562674674a1e403c70520a79aa5f61a5d5d8f7012," ",2,,,,,,
,4024007140508705,280000,000000012466,000000012466,000000012466,0108180000,3423,586,901,59,04,b93899,12,70015020,GROFERS11797900,9786360357541,524," ",WEB,visa,4b73386d697da0cf02d14176e66c5909068179e012," ",2,,000000011706,000000013968,,,
,4024007108703181,280000,000000013335,000000013335,000000013335,0108220000,3117,356,901,52,04,h82275,12,70011803,CLEARTRIP689430,9782312039800,144," ",WEB,visa,603d1ae205fcfe0bde27debfc3ee42bd331d2d5a12," ",1,,000000012747,,,,
,6011006438921695,280000,000000019463,000000019463,000000019463,0109020000,3196,586,901,52,04,o52204,12,70015020,GROFERS11797900,9783385968110,586," ",WEB,rupay,c2185be51d24f718f4514cadca7ee660f04185d612," ",2,,000000003404,000000004097,000000025552,000000024764,000000008341
,5349216399619304,280000,000000001745,000000001745,000000001745,0109050000,3197,144,901,59,04,p18416,12,70015020,GROFERS11797900,9784060081353,356," ",WEB,mastercard,f632a9f557e249c92fef33924acaa1446ddd4f9b12," ",2,,000000025950,000000091760,000000071275,000000080126,
,5539163528452878,280000,000000029225,000000029225,000000029225,0109070000,3204,356,901,52,04,n53999,12,70011803,CLEARTRIP689430,9780026015431,356," ",WEB,mastercard,56031eb91ce1252659289b3154909ff02419d99812," ",1,,000000025403,,,,
,4024007152690987,280000,000000012024,000000012024,000000012024,0109100000,3196,356,901,59,04,k77991,12,70015020,GROFERS11797900,9786435083146,356," ",WEB,visa,0eeb2605f820d070483a21faae52263bea7504ef12," ",2,,,,,,
,2433507638493079,280000,000000090352,000000090352,000000090352,0109130000,3079,356,901,59,04,f91480,12,70015020,GROFERS11797900,9780942525168,144," ",WEB,mastercard,8adcbbb5f40770f23ccf1f412e7dac81753a321512," ",2,,000000023453,,,,
,2433507638493079,280000,000000069196,000000069196,000000069196,0109130000,4121,586,901,52,04,z03995,12,70015020,GROFERS11797900,9782188940552,356," ",WEB,mastercard,6bd1e585a7ffd10dd102bba47b8a527ffb6d577e12," ",2,,000000023453,,,,
,6011856641891980,280000,000000010431,000000010431,000000010431,0109140000,3190,356,901,59,04,w38658,12,70007469,PAYUPAISA477790,9798664973020,586," ",WEB,rupay,9cdc8851f839ee10179512a1d355d26b88b86b1912," ",3,,,,,,
,4532856714982687,280000,000000030854,000000030854,000000030854,0109180000,3172,524,901,59,04,c97272,12,70015020,GROFERS11797900,9791900281453,356," ",WEB,visa,b88b3ebc2240ecd8cfc6782ee6950b87e7c6752c12," ",2,,000000013551,000000012075,,,
,4716550993163477,280000,000000023139,000000023139,000000023139,0109200000,3370,356,901,59,04,j30205,12,70007469,PAYUPAISA477790,9780708688748,144," ",WEB,visa,829edcd1d59fce4a1ccfd9fbd8cc13ac9d7398a412," ",3,,000000009936,000000028826,,,
,4929526968847289,280000,000000012228,000000012228,000000012228,0109210000,5271,356,901,59,04,j11238,12,70015020,GROFERS11797900,9799258042672,586," ",WEB,visa,faac98d13b99eed4b3dec38e0b19ea60608fdea612," ",2,,000000027521,000000012784,,,
,2720386609281249,280000,000000079871,000000079871,000000079871,0110030000,3190,586,901,52,04,z03321,12,70011803,CLEARTRIP689430,9796474768669,586," ",WEB,mastercard,fe122cc9a0b35bd10918d0f91de308b9c0e31bbd12," ",1,,000000018956,000000013052,000000021828,000000018514,
,6011920728597199,280000,000000016912,000000016912,000000016912,0110070000,3381,356,901,52,04,i32124,12,70007469,PAYUPAISA477790,9789117036126,586," ",WEB,rupay,d432fe085b200fe642d19b6b302f7b70f86ff83b12," ",3,,000000025559,000000020792,000000002444,000000012270,
,4929146601983852,280000,000000031578,000000031578,000000031578,0110110000,3263,144,901,59,04,a17132,12,70007469,PAYUPAISA477790,9793934846721,144," ",WEB,visa,5f6190e3475fe2416fdb6a81755a36f358da896b12," ",3,,000000000884,000000012185,000000016562,000000013801,
,4485869129831602,280000,000000013648,000000013648,000000013648,0110150000,3193,524,901,52,04,d64372,12,70007469,PAYUPAISA477790,9782906468115,144," ",WEB,visa,9a49d2f68af60372fc6e5e44c116de2e0dd33a4f12," ",3,,000000013053,000000013027,000000013118,000000000105,
,4986225983942924,280000,000000013795,000000013795,000000013795,0110170000,3438,356,901,59,04,s52799,12,70007469,PAYUPAISA477790,9782776606709,356," ",WEB,visa,73c46d1afbc5e9bf4640fa262307e253563cb36012," ",3,,000000013072,000000024151,,,
,4532766092221022,280000,000000012738,000000012738,000000012738,0110200000,3263,524,901,59,04,k76463,12,70011803,CLEARTRIP689430,9788348211678,356," ",WEB,visa,97f0792a00dc7efdbcc7987a0243de0f48b1d37f12," ",1,,000000001705,000000017423,,,
,4916143899922143,280000,000000012817,000000012817,000000012817,0111030000,3106,586,901,52,04,g73633,12,70015020,GROFERS11797900,9796085164768,586," ",WEB,visa,65f9736b8b0342d9e4ef918b690e3ef8974b084312," ",2,,000000012259,000000012129,000000012823,,
,5429333376678279,280000,000000025612,000000025612,000000025612,0112020000,3391,586,901,52,04,g94218,12,70007469,PAYUPAISA477790,9787021240394,586," ",WEB,mastercard,2b5a5e416c124370a2c4699bb84e128f9c566e2912," ",3,,000000097735,000000009620,000000078473,,
,4024007115633843,280000,000000012575,000000012575,000000012575,0113010000,3174,586,901,52,04,a02621,12,70011803,CLEARTRIP689430,9784753213603,524," ",WEB,visa,5aa948b36ff5136055c10040aad3fa649907cf2012," ",1,,000000012750,000000014507,,,
,2221978181228491,280000,000000058870,000000058870,000000058870,0113030000,7531,356,901,52,04,h75720,12,70011803,CLEARTRIP689430,9784497562883,356," ",WEB,mastercard,aa02d01fb2fb6e1651b76ee55f2a44eea2eb5e9d12," ",1,,000000073757,000000084356,,,
,4024007108703181,280000,000000013110,000000013110,000000013110,0113050000,3400,144,901,52,04,s15687,12,70007469,PAYUPAISA477790,9796736639300,586," ",WEB,visa,1127559d84dadc57edd5f9dff4e465b0c3c94c8912," ",3,,000000012747,,,,
,6011920728597199,280000,000000027094,000000027094,000000027094,0113080000,3087,586,901,59,04,q90380,12,70011803,CLEARTRIP689430,9787724638832,356," ",WEB,rupay,aef9ce6140d7aacab3a4dd3b4435957c5c7f4a9412," ",1,,000000025559,000000020792,000000002444,000000012270,
,2513312283173461,280000,000000018165,000000018165,000000018165,0113120000,3351,144,901,59,04,a75626,12,70015020,GROFERS11797900,9795225353062,524," ",WEB,mastercard,ef800e7f50e4d9d2cb44d4d00e87b79d7f1245ba12," ",2,,000000076280,000000026888,,,
,4532463290586352,280000,000000013099,000000013099,000000013099,0113150000,3421,586,901,52,04,f84183,12,70011803,CLEARTRIP689430,9787252739803,144," ",WEB,visa,57c35299a4cef015dc8c8a281105d23a0be77a9912," ",1,,,,,,
,4153478340676373,280000,000000013719,000000013719,000000013719,0113150000,3380,356,901,52,04,n54954,12,70007469,PAYUPAISA477790,9789653428751,144," ",WEB,visa,c0f492c54a5d06e2835ea4bb04f669067a04fb4012," ",3,,000000012697,000000010605,000000013004,000000012103,
,2673016221861246,280000,000000022031,000000022031,000000022031,0113160000,3177,356,901,52,04,p39596,12,70007469,PAYUPAISA477790,9781457023408,356," ",WEB,mastercard,5859d376ce23f0fc289125df9be42564fdac0d5112," ",3,,000000086250,,,,
,6011189283961501,280000,000000015952,000000015952,000000015952,0113200000,3033,356,901,59,04,p43597,12,70011803,CLEARTRIP689430,9790306258793,586," ",WEB,rupay,fac1c8afb7029caae26f5a3dd544346aa0023e6912," ",1,,000000003570,000000012044,000000013896,000000009822,
,2673016221861246,280000,000000026098,000000026098,000000026098,0114020000,3757,356,901,59,04,t97751,12,70015020,GROFERS11797900,9785869881830,586," ",WEB,mastercard,05269bc0d00449d6609f867d0c5316a2aef4856312," ",2,,000000086250,,,,
,6011427686886473,280000,000000024977,000000024977,000000024977,0114050000,3815,586,901,59,04,p84265,12,70011803,CLEARTRIP689430,9796750793163,144," ",WEB,rupay,6bb90275b7a5d806a90c497ee892daecff6f041412," ",1,,000000015489,,,,
,4024007133584192,280000,000000013008,000000013008,000000013008,0114070000,3132,356,901,59,04,o42578,12,70015020,GROFERS11797900,9796003611473,356," ",WEB,visa,52e976549db492d8f627b0bc50b429ad6290f7ab12," ",2,,000000011198,000000012619,,,
,4156860470944241,280000,000000012210,000000012210,000000012210,0114080000,4511,356,901,52,04,i36369,12,70011803,CLEARTRIP689430,9783504275754,586," ",WEB,visa,8e74a5ab8a0040edcbf39ec9df774d3f0017fd7312," ",1,,,,,,
,2344933269809144,280000,000000020663,000000020663,000000020663,0114100000,3821,524,901,52,04,v04083,12,70007469,PAYUPAISA477790,9782363141484,524," ",WEB,mastercard,ee19f1200ba3454224539ec1986ca96e7dc8668e12," ",3,,000000059440,000000002408,000000024226,000000097697,
,2436393306071142,280000,000000024566,000000024566,000000024566,0114140000,7511,144,901,52,04,o09845,12,70015020,GROFERS11797900,9789428232859,586," ",WEB,mastercard,6c13a8122ad2dd7950f12bcd86ef9d15a72c159812," ",2,,000000019910,000000058667,000000020710,,
,5108411630631207,280000,000000061612,000000061612,000000061612,0114140000,3177,144,901,59,04,a25864,12,70007469,PAYUPAISA477790,9798616278494,144," ",WEB,mastercard,66995340a53266f93936f7a5be0fcb1259deb00912," ",3,,000000040043,000000027971,000000020679,000000084861,000000011080
,4532856714982687,280000,000000013135,000000013135,000000013135,0114140000,4784,524,901,59,04,s93686,12,70011803,CLEARTRIP689430,9791901684420,586," ",WEB,visa,342e7fb759c959088fe299cb86e843cf14f4a1ba12," ",1,,000000013551,000000012075,,,
,4485100850384532,280000,000000019392,000000019392,000000019392,0114150000,5598,586,901,59,04,a08823,12,70015020,GROFERS11797900,9781834570303,144," ",WEB,visa,10d5e4c4ee5a9f7f3673d7d350ec47e9301f032212," ",2,,000000013782,000000012738,000000016117,,
,2396478346989565,280000,000000026731,000000026731,000000026731,0114160000,3266,356,901,52,04,y55844,12,70007469,PAYUPAISA477790,9780869676196,586," ",WEB,mastercard,e96d8be33f5e195eab406a1aaaa919655957b74f12," ",3,,000000021332,000000094530,000000022691,,
,5108411630631207,280000,000000021383,000000021383,000000021383,0114200000,5598,356,901,52,04,m09620,12,70011803,CLEARTRIP689430,9798952662063,356," ",WEB,mastercard,aa487d0a8f78d603eb501bb1c4a60641b952997f12," ",1,,000000040043,000000027971,000000020679,000000084861,000000011080
,4916112577088287,280000,000000013727,000000013727,000000013727,0114210000,3229,356,901,52,04,e50598,12,70011803,CLEARTRIP689430,9783994490606,586," ",WEB,visa,29c66c53196e85b86b5f92c42ae0d6288695c4dc12," ",1,,000000013072,000000014201,000000012145,,
,4716678214231755,280000,000000012433,000000012433,000000012433,0114220000,3144,356,901,52,04,n77534,12,70015020,GROFERS11797900,9798622307737,144," ",WEB,visa,3bc444e34e8b9458c42a4853843cb80830131f4b12," ",2,,000000000372,000000012995,000000024044,000000012349,
,2396478346989565,280000,000000042353,000000042353,000000042353,0115010000,3256,586,901,59,04,y99761,12,70015020,GROFERS11797900,9797276311664,586," ",WEB,mastercard,c398baf00c94cc068d4c815e7f267bed3a71e45212," ",2,,000000021332,000000094530,000000022691,,
,4556756711839982,280000,000000013191,000000013191,000000013191,0115030000,4411,356,901,52,04,d98703,12,70015020,GROFERS11797900,9792877964844,356," ",WEB,visa,00d37d87b5b3951b35997bbc2deaec0a91d7aff412," ",2,,,,,,
,5587268153153328,280000,000000028098,000000028098,000000028098,0115050000,7534,144,901,52,04,k46039,12,70015020,GROFERS11797900,9789279161308,586," ",WEB,mastercard,57f32782c07d6b353ed70f89b9dc7b8fc90d478e12," ",2,,000000099161,000000023306,,,
,2557287988464091,280000,000000022387,000000022387,000000022387,0115050000,3267,356,901,59,04,q13986,12,70011803,CLEARTRIP689430,9787307453319,356," ",WEB,mastercard,e506f2b4445d5cb95a9a926de649e1be267e8e0112," ",1,,000000001048,000000019579,,,
,2720102927475748,280000,000000074217,000000074217,000000074217,0115090000,4112,144,901,52,04,p76691,12,70011803,CLEARTRIP689430,9786127341981,356," ",WEB,mastercard,8b41294975d28a1ab634fc921c2e96615318f93912," ",1,,000000005896,000000021343,000000092859,000000094123,000000021733
,4532687835411607,280000,000000013261,000000013261,000000013261,0115120000,4789,356,901,52,04,u96212,12,70011803,CLEARTRIP689430,9787979706508,144," ",WEB,visa,645a3a3b8990392d564e81d2b8b1b4f170d6ddef12," ",1,,000000011013,000000007156,,,
